gene,class
GPC5,Astro
SLC1A3,Astro
CLU3,Astro
AQP4,Astro
GJB6,Astro
SLC1A2,Astro
ADGRV1,Astro
COL5A3,Astro
AQP41,Astro
BMPR1B,Astro
GJA1,Astro
RNF219-AS1,Astro
MACF12,Astro
SPARCL16,Astro
SLC25A18,Astro
FGFR3,Astro
GPM6A,Astro
ZNF98,Astro
ATP1A2,Astro
ID2,Astro
GFAP,Astro
NBPF10,Astro
ATP1A21,Astro
EDNRB,Astro
SDC4,Astro
HPSE2,Astro
SLC14A1,Astro
ID4,Astro
LINC00499,Astro
GPR98,Astro
ZFP36L11,Astro
ALDH1L1,Astro
CLDN10,Astro
MT31,Astro
CHI3L1,Astro
AGT,Astro
DTNA,Astro
PRODH,Astro
CST31,Astro
SLCO1C1,Astro
SLC4A4,Astro
PITPNC1,Astro
CST3,Astro
FOS,Astro
IL33,Astro
GPAM,Astro
NKAIN3,Astro
TPD52L1,Astro
HSPB1,Astro
ACSBG1,Astro
DST2,Astro
FGFR31,Astro
WIF1,Astro
RANBP3L,Astro
RYR3,Astro
ETNPPL,Astro
HSP90AA14,Astro
PAPLN,Astro
MLC1,Astro
AC002429.2,Astro
GLUL,Astro
HIF3A,Astro
SLC14A11,Astro
GPR37L1,Astro
MGST1,Astro
RYR31,Astro
JUN,Astro
GLI3,Astro
LINC00982,Astro
GPR981,Astro
SLC39A12,Astro
MMD2,Astro
APOE1,Astro
ACOT11,Astro
NCAN,Astro
PAMR1,Astro
CLU2,Astro
MACF13,Astro
RP4-673D20.6,Astro
ATP1B2,Astro
MSI2,Astro
NEAT15,Astro
NEAT16,Astro
A2ML1,Astro
CLU,Astro
NHSL1,Astro
NDRG2,Astro
SLC1A31,Astro
LAMA1,Astro
RGS20,Astro
LSAMP,Astro
C1orf61,Astro
NTRK21,Astro
PAX6,Astro
PRSS35,Astro
PREX2,Astro
ID3,Astro
HSD17B6,Astro
SLC13A5,Astro
PTGDS6,Astro
MALAT13,Astro
LRRC16A,Astro
P2RY1,Astro
CARMIL1,Astro
SPARCL15,Astro
SLC1A21,Astro
PLA2G5,Astro
EFEMP1,Astro
MIR99AHG,Astro
PTGDS7,Astro
MT3,Astro
SOX9,Astro
AC008957.2,Astro
SFXN5,Astro
MRVI1,Astro
AEBP1,Astro
STOX1,Astro
STON2,Astro
LGI4,Astro
C1orf611,Astro
ADORA2B,Astro
ACSS1,Astro
PFKFB2,Astro
GLIS3,Astro
BBOX1,Astro
S100B,Astro
RP11-806O11.1,Astro
RP1-68D18.3,Astro
TNIK,Astro
OGFRL1,Astro
AMOT,Astro
GPR125,Astro
GNA14-AS1,Astro
AHCYL2,Astro
NTRK2,Astro
MT2A,Astro
SELENBP1,Astro
RP4-673D20.3,Astro
BAZ2B4,Astro
HSPA1A,Astro
OAF,Astro
NPAS3,Astro
AHNAK,Astro
GABRG1,Astro
PRDM16,Astro
CTNNA2,Astro
FBXL7,Astro
PLIN5,Astro
GRAMD31,Astro
IQCA1,Astro
TRIL,Astro
TTYH1,Astro
GJA11,Astro
TRPM3,Astro
CDH20,Astro
SYNE12,Astro
NBPF101,Astro
GABRA2,Astro
ELOVL2,Astro
ZNRF3,Astro
ACSL61,Astro
AHCYL11,Astro
SLC7A10,Astro
PARD3B,Astro
VCAN,Astro
CACHD1,Astro
SLC25A48,Astro
PALLD,Astro
UBC,Astro
C1ORF61,Astro
SCARA3,Astro
CPE,Astro
ADHFE1,Astro
ACOT111,Astro
FAM189A2,Astro
PSD2,Astro
ARHGAP24,Astro
SHROOM3,Astro
APOE,Astro
HIF3A1,Astro
AC002429.5,Astro
MACF1,Astro
PRODH1,Astro
CHRDL1,Astro
LHX2,Astro
NTM,Astro
PPAP2B,Astro
CPE1,Astro
CYP4V2,Astro
GLUD1,Astro
CAMK2G,Astro
JUNB,Astro
AQP4-AS1,Astro
HEPH,Astro
RNA28S5,Astro
HSPA1B,Astro
BCAN,Astro
SLC6A11,Astro
RP11-436D23.1,Astro
NTM3,Astro
EZR,Astro
GPC5-AS1,Astro
F3,Astro
,Astro
RP11-384F7.2,Astro
SORBS1,Astro
SOX21,Astro
HPR,Astro
PPP1R1B,Astro
APC,Astro
HES1,Astro
ASPH,Astro
RFX4,Astro
ITPR2,Astro
INTU,Astro
PRDX6,Astro
CABLES1,Astro
CSGALNACT1,Astro
MICALL2,Astro
TOB1,Astro
BRINP2,Astro
GRAMD3,Astro
DST3,Astro
RP5-968J1.1,Astro
MOXD1,Astro
NBPF1,Astro
SLC25A181,Astro
SPARCL1,Astro
CKB1,Astro
NDRG21,Astro
PTPRF,Astro
SPON1,Astro
CACNB2,Astro
LSAMP1,Astro
ETNPPL1,Astro
RORB,Astro
LRIG1,Astro
GABRB1,Astro
AHCYL1,Astro
KCNN3,Astro
FAT1,Astro
SOX2,Astro
DBI,Astro
CTD-2266L18.1,Astro
RGR,Astro
ZBTB20,Astro
ITGA71,Astro
CRYAB,Astro
SMOX,Astro
TUBB2B,Astro
NEBL,Astro
FAM107A,Astro
NTM4,Astro
PDLIM3,Astro
DIO2,Astro
CTNND2,Astro
PTPRZ1,Astro
DTNA1,Astro
F11-AS1,Astro
ALDOC,Astro
DST,Astro
MYO10,Astro
SORBS11,Astro
SLC2A4,Astro
RORA,Astro
SON,Astro
PTPRZ11,Astro
AIFM3,Astro
DCLK2,Astro
CRB1,Astro
EMX2OS,Astro
ZHX3,Astro
ACSS11,Astro
SLC39A11,Astro
NBPF9,Astro
RHOB,Astro
THSD1,Astro
ATP13A4,Astro
TRPS1,Astro
PON21,Astro
ACACB,Astro
CHR22-38_28785274-29006793.1,Astro
FMN2,Astro
ATP1B21,Astro
RP11-390P2.4,Astro
ECHDC2,Astro
DAAM2,Astro
SYCP3,Astro
SDS,Astro
PRKG1,Astro
GABBR1,Astro
PMP2,Astro
TNS3,Astro
CYP4F11,Astro
SOX5,Astro
PON2,Astro
CKB2,Astro
MYBPC1,Astro
NRXN1,Astro
ZMAT1,Astro
SLC38A1,Astro
WFS1,Astro
SGCD,Astro
ARHGEF4,Astro
RRS1-AS1,Astro
GDPD2,Astro
FAM107A1,Astro
TPCN1,Astro
CADM1,Astro
RHOBTB3,Astro
SPARC,Astro
RP11-510I21.1,Astro
PIPOX,Astro
SASH1,Astro
ADD31,Astro
AK4,Astro
PRKCA,Astro
ZFP36L1,Astro
TSC22D4,Astro
ENO1,Astro
ACBD7,Astro
BAZ2B,Astro
METTL7A,Astro
FUT91,Astro
TMED8,Astro
KLKB1,Astro
PTGDS,Astro
ABLIM1,Astro
IQCA11,Astro
NEK6,Astro
LIX1,Astro
NRG3,Astro
FUT9,Astro
CAMK2G1,Astro
ITM2C,Astro
PPP2R2B,Astro
COL5A31,Astro
PHGDH,Astro
LGR4,Astro
ARHGAP5,Astro
MSI21,Astro
MTM1,Astro
LINC00299,Astro
NEAT1,Astro
ITSN1,Astro
ADD32,Astro
RPL31P54,Astro
PPP1R3C,Astro
ACADVL,Astro
NAV2,Astro
NKAIN4,Astro
FGF2,Astro
PTN,Astro
FNBP1,Astro
ABLIM11,Astro
AP003025.2,Astro
SLC16A9,Astro
METTL7A1,Astro
ACO2,Astro
DCHS2,Astro
PARD3,Astro
CEP350,Astro
LGI41,Astro
ACOX2,Astro
LINC01354,Astro
SPAG92,Astro
PPFIA1,Astro
FAM118B,Astro
DDAH1,Astro
DPP10,Astro
SAT1,Astro
SCG3,Astro
MGAT4C,Astro
DNAH7,Astro
FAM184A,Astro
RHOBTB31,Astro
ITGA7,Astro
GNA14,Astro
RYR32,Astro
FAM227A,Astro
GRIN2C,Astro
ACSL62,Astro
PIK3C2A,Astro
WWOX,Astro
H3F3B,Astro
LINC00839,Astro
FREM2,Astro
OPHN1,Astro
CAT,Astro
RNF43,Astro
ERBB4,Astro
RP11-106M7.1,Astro
GPRC5B,Astro
LRTOMT,Astro
PBXIP1,Astro
ADD3,Astro
TTYH11,Astro
ZNF209P,Astro
GRAMD1C,Astro
LIFR,Astro
ARHGAP51,Astro
CDHR3,Astro
NTSR2,Astro
MAML2,Astro
NBPF11,Astro
DECR1,Astro
ZFAND5,Astro
LRRC8A,Astro
NWD1,Astro
QKI,Astro
APC1,Astro
COL28A1,Astro
CKB,Astro
MEIS2,Astro
BAZ2B5,Astro
PYGB,Astro
FAM167A,Astro
MAPK10,Astro
RNA28S51,Astro
RP11-806K15.1,Astro
EFHC2,Astro
ADCY2,Astro
GAPDH,Astro
SLC15A2,Astro
HRSP12,Astro
TNIK1,Astro
HGF,Astro
GRM3,Astro
LPIN1,Astro
RAB34,Astro
PCDH9,Astro
MT-RNR24,Astro
TULP3,Astro
GPT2,Astro
GLUL1,Astro
TLCD1,Astro
DOCK4,Astro
ZBTB201,Astro
RLBP1,Astro
MAST4,Astro
MKLN1,Astro
EPHX1,Astro
GPR143,Astro
AC074363.1,Astro
SAT11,Astro
F8,Astro
KIAA1161,Astro
RPS6KA2,Astro
ZMAT11,Astro
CAPN2,Astro
TMPRSS3,Astro
INTU1,Astro
RP11-437J2.3,Astro
SORCS2,Astro
FNBP11,Astro
RP11-426D19.1,Astro
PHF21B,Astro
NFIA,Astro
FABP5P4,Astro
VAV3,Astro
LINC00461,Astro
TTLL4,Astro
SLC1A4,Astro
PDE7B,Astro
RP11-1070A24.1,Astro
NADK2,Astro
FHIT,Astro
SIRPA,Astro
NCKAP5,Astro
SERPINE2,Astro
PCDHGA3,Astro
FYN,Astro
LMO3,Astro
PHKA1,Astro
DGKG,Astro
SLITRK2,Astro
ZFYVE21,Astro
LRP1B,Astro
AC074391.1,Astro
ABCD2,Astro
PSD3,Astro
ANKDD1A,Astro
ENHO,Astro
MAP3K5,Astro
SLC30A10,Astro
ITGB4,Astro
CEP85L,Astro
MRVI1-AS1,Astro
RP11-436K8.1,Astro
PRKD1,Astro
RP11-582J16.4,Astro
LINC01314,Astro
MYO6,Astro
GLI1,Astro
RNF182,Astro
RP11-319G9.1,Astro
EPHB1,Astro
GPM6B,Astro
UNG,Astro
NAT8L,Astro
HOPX,Astro
FUT10,Astro
PHLPP1,Astro
RPL7L1P8,Astro
LFNG,Astro
RP11-563J2.2,Astro
ACSS3,Astro
SOX6,Astro
RP11-85O21.5,Astro
ZSWIM6,Astro
RP11-630A13.4,Astro
AC090625.1,Astro
SSPO,Astro
ACP6,Astro
SLC35F1,Astro
TTC30A,Astro
SLC44A3,Astro
SRGAP3,Astro
RP11-768G7.1,Astro
RHPN2,Astro
PHACTR3,Astro
HTRA1,Astro
WWC1,Astro
WDR60,Astro
TOX,Astro
HEPACAM,Astro
NFIB,Astro
NBPF19,Astro
SLC7A11-AS1,Astro
AGBL2,Astro
CGRRF1,Astro
VAC14-AS1,Astro
C14ORF159,Astro
RP11-598O12.1,Astro
CASC10,Astro
PCDHGA7,Astro
MAPK4,Astro
FARP1,Astro
FAM213A,Astro
APLNR,Astro
RP11-776H12.1,Astro
FAM171B,Astro
LINC00899,Astro
WBP2NL,Astro
CNTFR,Astro
RASSF4,Astro
CA12,Astro
ARL6IP6,Astro
RP11-320H14.1,Astro
C1ORF110,Astro
ZNF816,Astro
RP11-420A23.1,Astro
DOCK7,Astro
RP11-504P24.8,Astro
LRRC3B,Astro
YAP1,Astro
C17ORF70,Astro
ACSL6,Astro
ARHGAP32,Astro
TTPA,Astro
RP11-360N9.3,Astro
CTA-243E7.1,Astro
PLIN1,Astro
DNAAF5,Astro
PGM1,Astro
PLIN4,Astro
MT1G,Astro
TCF7L1-IT1,Astro
GAREML,Astro
MYH15,Astro
ARHGEF26,Astro
ALG1L9P,Astro
ERBB2,Astro
USP40,Astro
AC016716.2,Astro
ZNF521,Astro
SLC7A11,Astro
ZFP2,Astro
OLFM2,Astro
RGS9,Astro
HHIPL1,Astro
LGI1,Astro
HHATL,Astro
TMEM220,Astro
EMX2,Astro
ADD3-AS1,Astro
PPIAP19,Astro
NHS,Astro
SDC2,Astro
RND1,Astro
KAL1,Astro
PLCG1,Astro
LRRC75A,Astro
PPARGC1A,Astro
PHYHD1,Astro
TMEM229A,Astro
ACKR3,Astro
DOLK,Astro
PCDHGA10,Astro
CTC-498M16.2,Astro
DAG1,Astro
TMEM47,Astro
GPR56,Astro
PLCD1,Astro
TMEM150C,Astro
EHHADH,Astro
MGC16275,Astro
LINC00391,Astro
DHTKD1,Astro
CHPT1,Astro
RP11-437J2.4,Astro
SLC25A33,Astro
KIAA1407,Astro
CTD-2353F22.2,Astro
DTX1,Astro
RALGAPA2,Astro
MRAS,Astro
SOX21-AS1,Astro
AC025811.3,Astro
COLCA1,Astro
WNT7B,Astro
SEMA3D,Astro
C2ORF72,Astro
RP11-315D16.4,Astro
NNT-AS1,Astro
NT5E,Astro
RP11-120J1.1,Astro
PCDHGC3,Astro
PCDHGA5,Astro
MRO,Astro
ETAA1,Astro
AC004019.13,Astro
HRH1,Astro
ALDH2,Astro
ELOVL2-AS1,Astro
PTAR1,Astro
SLC2A12,Astro
RP5-858L17.1,Astro
DPYSL3,Astro
RP11-517I3.1,Astro
KIAA1671,Astro
PLTP,Astro
ADRB1,Astro
XRCC6P4,Astro
RGN,Astro
WDFY3-AS2,Astro
LINC00271,Astro
FAM182A,Astro
INHBB,Astro
RP11-52A20.2,Astro
RP11-116O18.3,Astro
CYP2J2,Astro
ASAP3,Astro
TRIM66,Astro
SLC25A20,Astro
ZNF516,Astro
EYA2,Astro
ZNF404,Astro
RP11-90E5.1,Astro
LETM1,Astro
PLEKHA7,Astro
AD000092.3,Astro
SLC7A2,Astro
IFT43,Astro
NQO1,Astro
ANKRD35,Astro
GPR19,Astro
BBS2,Astro
EEF2K,Astro
SNTA1,Astro
SUGCT,Astro
FADS2,Astro
AASS,Astro
SMO,Astro
RPL21P32,Astro
HKDC1,Astro
RP11-191H23.1,Astro
CD38,Astro
PCDHGB8P,Astro
MTSS1L,Astro
RNU6-697P,Astro
PON3,Astro
MUTYH,Astro
ALDH4A1,Astro
HPS4,Astro
RP1-167O22.1,Astro
FIRRE,Astro
COLCA2,Astro
TMEM136,Astro
ATP13A4-AS1,Astro
MALRD1,Astro
SEMA4B,Astro
GBA,Astro
ALDH7A1,Astro
RP11-203P2.2,Astro
RP11-517I3.2,Astro
RP11-70L8.5,Astro
CXCL5,Astro
SDC3,Astro
RP11-489D6.2,Astro
TM9SF4,Astro
FAM171A1,Astro
UBAC1,Astro
PTCH1,Astro
AC072062.1,Astro
RPE65,Astro
RPS20P33,Astro
AC012456.3,Astro
DHRS4-AS1,Astro
ARHGEF26-AS1,Astro
SESN3,Astro
EYA1,Astro
SLC25A43,Astro
MINK1,Astro
SALL2,Astro
ZNF221,Astro
FLJ16779,Astro
CTD-2353F22.1,Astro
CERS1,Astro
RP11-319G6.1,Astro
RP11-444D3.1,Astro
ZNF671,Astro
CDH4,Astro
ABCA7,Astro
FBXO2,Astro
PFKM,Astro
LINC00498,Astro
FGD6,Astro
GPR171,Astro
TSHZ1,Astro
TOM1L2,Astro
RP11-326C3.11,Astro
MIR920,Astro
SRI,Astro
TET1,Astro
SRGNP1,Astro
MOCS1,Astro
SLC2A10,Astro
KCNA2,Astro
SUOX,Astro
MIR568,Astro
RP11-393I2.4,Astro
IL17D,Astro
ANGPTL4,Astro
LINC01158,Astro
PYGM,Astro
EFHC1,Astro
SLC39A12-AS1,Astro
IQCH-AS1,Astro
FJX1,Astro
PCDHB4,Astro
ATP13A5,Astro
SLC46A1,Astro
ASAP2,Astro
ZNF827,Astro
DCXR,Astro
DCUN1D1,Astro
STK33,Astro
AC005197.2,Astro
CUBN,Astro
RP1-5O6.6,Astro
MUT,Astro
IDH2,Astro
TP53BP2,Astro
SLC9A3R1,Astro
LA16C-380F5.1,Astro
ME1,Astro
RP11-159K7.2,Astro
LINC01532,Astro
HRNR,Astro
PLXNB1,Astro
BCO1,Astro
KCTD21,Astro
CTB-113D17.1,Astro
CNTNAP3,Astro
RIMKLBP2,Astro
SLC35C2,Astro
FLJ30679,Astro
FEZF2,Astro
RP1-197B17.7,Astro
IFT27,Astro
LINC00298,Astro
SLC18B1,Astro
ZNF717,Astro
LINC00595,Astro
ORAI3,Astro
FZD8,Astro
LRRC43,Astro
BHMT2,Astro
TMEM9,Astro
CTC-559E9.1,Astro
DKK3,Astro
GLI2,Astro
COPS7B,Astro
AC114877.3,Astro
FKBP9,Astro
NOTCH2,Astro
GRID1-AS1,Astro
ADAM20P1,Astro
C1ORF228,Astro
NDUFAF6,Astro
LINC00943,Astro
ATP6AP1L,Astro
RP11-263K19.4,Astro
MTMR1,Astro
SIRPB3P,Astro
TMEM72,Astro
CTC-457E21.1,Astro
LINC00654,Astro
RP11-245J24.1,Astro
UFL1-AS1,Astro
NME9,Astro
C8ORF37,Astro
RP11-528A10.1,Astro
PCDHGA2,Astro
RP1-155D22.2,Astro
GLUD2,Astro
AMZ2,Astro
RNF170,Astro
ANKRD45,Astro
RBM26-AS1,Astro
MASP1,Astro
CLRN1-AS1,Astro
OXTR,Astro
GS1-39E22.2,Astro
KIAA0319,Astro
RP11-119F7.5,Astro
SCN11A,Astro
HSBP1L1,Astro
FGGY,Astro
CTB-50L17.14,Astro
THBS3,Astro
SYCP2,Astro
RP11-10C8.2,Astro
RP11-968O1.5,Astro
PCDHGB1,Astro
LINC01376,Astro
NACC2,Astro
PIR,Astro
PNPLA7,Astro
OSBPL2,Astro
RP11-731J8.2,Astro
SCRG1,Astro
ITPKB,Astro
TGFBR3,Astro
PEX11A,Astro
MUL1,Astro
TFAP2C,Astro
CRYZ,Astro
GOLIM4,Astro
LANCL2,Astro
NPFFR1,Astro
CLDN12,Astro
SEC14L2,Astro
ADA,Astro
FRMPD2,Astro
RP11-44N22.3,Astro
AC099754.1,Astro
EFNA5,Astro
ASRGL1,Astro
AC013267.1,Astro
CXCL3,Astro
RP11-139K1.2,Astro
SYPL2,Astro
LINC00886,Astro
RP11-424M22.3,Astro
GNG12-AS1,Astro
RP4-683L5.1,Astro
CLEC16A,Astro
RP11-15A1.3,Astro
KIAA0195,Astro
RP1-93H18.1,Astro
CYB5B,Astro
C2ORF42,Astro
NFATC4,Astro
ZNF81,Astro
LDHD,Astro
RP11-3D4.4,Astro
CHDH,Astro
RP11-275H4.1,Astro
PAXIP1-AS2,Astro
PPARA,Astro
RP11-226L15.5,Astro
BCKDHB,Astro
PARP3,Astro
RP11-268P4.5,Astro
LYPLAL1-AS1,Astro
LINC01422,Astro
PCDHGA6,Astro
GPC4,Astro
AC011747.4,Astro
KNDC1,Astro
AC012370.3,Astro
TEX15,Astro
INTS3,Astro
GJB2,Astro
RN7SL297P,Astro
OTX1,Astro
LINC01266,Astro
AP000462.1,Astro
RP11-229D13.3,Astro
AGFG2,Astro
SRPX,Astro
RAPGEF3,Astro
BBS4,Astro
GSTM5,Astro
IGSF1,Astro
MROH7,Astro
KLF15,Astro
RP3-453C12.14,Astro
RGMA,Astro
NEK11,Astro
FERMT2,Astro
WDR49,Astro
BDH2,Astro
RP4-631H13.6,Astro
BMP7,Astro
RP11-679C8.2,Astro
RP11-617F23.1,Astro
TMEM241,Astro
RNY3P3,Astro
ENKUR,Astro
CBX3P3,Astro
GPR75,Astro
RP11-298I3.1,Astro
TMEM56,Astro
C2ORF82,Astro
SEMA4A,Astro
RP11-574K11.8,Astro
RP4-625H18.2,Astro
AGL,Astro
FAM198A,Astro
EPHX2,Astro
AC011516.2,Astro
LINC00500,Astro
SOX9-AS1,Astro
ARHGAP5-AS1,Astro
RP11-577N1.2,Astro
RP11-281A20.2,Astro
ARRB1,Astro
LGR6,Astro
TCF7L2,Astro
LRP4,Astro
ACAA2,Astro
ERLIN2,Astro
POU3F2,Astro
LINC01114,Astro
TNC,Astro
AC008067.2,Astro
LRAT,Astro
TKT,Astro
RP11-64B16.4,Astro
RP3-414A15.12,Astro
PLOD2,Astro
ROBO3,Astro
FGFRL1,Astro
BAI1,Astro
RNU6ATAC12P,Astro
KCNJ10,Astro
ADCYAP1R1,Astro
HS2ST1,Astro
RP11-185E8.2,Astro
DPY19L3,Astro
GPD2,Astro
ELMO2,Astro
HAP1,Astro
ADI1,Astro
CYP1D1P,Astro
AP000462.2,Astro
LPAR3,Astro
AMT,Astro
HSDL2,Astro
AC110754.3,Astro
KCTD15,Astro
STRIP2,Astro
NTNG2,Astro
ANKFN1,Astro
ARSJ,Astro
CCDC163P,Astro
PCDHGA4,Astro
ZIC5,Astro
FAM181B,Astro
FSIP2,Astro
DBP,Astro
PCDHGA12,Astro
AC009501.4,Astro
RP11-495P10.10,Astro
PDE4DIP,Astro
MOK,Astro
POU2F1,Astro
UG0898H09,Astro
RNU6-116P,Astro
RFX2,Astro
B3GALT5,Astro
EMID1,Astro
PLSCR4,Astro
KIF24,Astro
DOK5,Astro
CLPTM1,Astro
GGACT,Astro
C20ORF194,Astro
FEZF1-AS1,Astro
OSTM1-AS1,Astro
GPC5-AS2,Astro
TPP1,Astro
RPS12P26,Astro
CYBRD1,Astro
FAM168A,Astro
IL17RB,Astro
RP11-577N1.1,Astro
BOC,Astro
SLC25A29,Astro
GAS8,Astro
RP11-167H9.3,Astro
CYP51A1P3,Astro
RP1-253P7.4,Astro
RP4-673D20.4,Astro
ACSF2,Astro
CASC2,Astro
AC016907.3,Astro
MCCC2,Astro
AC007879.4,Astro
MYOM1,Astro
RP11-722E23.2,Astro
SLC44A2,Astro
AKR7A2,Astro
GPR87,Astro
DMGDH,Astro
ZNF680,Astro
RP11-651K21.1,Astro
TST,Astro
NDUFS3,Astro
ID2-AS1,Astro
AC004004.2,Astro
PCDHGA9,Astro
TMEM132A,Astro
WI2-1896O14.1,Astro
NEK1,Astro
GAS2L1,Astro
ZFHX4,Astro
RP11-131L23.2,Astro
ASTN1,Astro
MAOB,Astro
TCTN1,Astro
DSC1,Astro
LINC01351,Astro
RN7SL582P,Astro
ZBTB7C,Astro
GOLGA2P5,Astro
LINC00092,Astro
AC016716.1,Astro
C16ORF89,Astro
PPP1R3G,Astro
ENTPD2,Astro
NBPF26,Astro
AC010975.2,Astro
PCSK5,Astro
ZMYND12,Astro
EGFR,Astro
SLC9A8,Astro
IQCH,Astro
PHEX,Astro
LDHAL6EP,Astro
MKLN1-AS,Astro
NDP,Astro
RP11-354M20.3,Astro
PCDHGB7,Astro
DCT,Astro
LCNL1,Astro
RP11-768G7.2,Astro
TNNT1,Astro
RP11-567G24.3,Astro
VEGFB,Astro
TRIM8,Astro
SUCLG2-AS1,Astro
RAMP1,Astro
VWA3A,Astro
ZFHX2,Astro
RP11-57H12.3,Astro
ADCY8,Astro
COQ10A,Astro
RP11-109I13.2,Astro
PSMG3-AS1,Astro
PRDM5,Astro
HERPUD2,Astro
FAT3,Astro
GCDH,Astro
CHRNB1,Astro
TRDN,Astro
PTPLAD1,Astro
RP11-39M21.1,Astro
RP11-569G13.2,Astro
RP11-147L13.15,Astro
CACNB1,Astro
MRPL35P1,Astro
RP11-26J3.1,Astro
BNIP3P32,Astro
LSAMP-AS1,Astro
AADAT,Astro
GREB1,Astro
C5,Astro
DIAPH3,Astro
RP11-360N9.2,Astro
RP11-145O15.3,Astro
AQP1,Astro
CTC-498M16.4,Astro
FKBP10,Astro
ROPN1B,Astro
AC009120.4,Astro
DPP8,Astro
SARDH,Astro
RP11-5P4.1,Astro
CTAGE14P,Astro
HADHAP1,Astro
ABCA12,Astro
LCTL,Astro
APEH,Astro
SLC25A53,Astro
RPS16P5,Astro
EFR3B,Astro
PLCD4,Astro
PCDHB5,Astro
PEX12,Astro
FXYD3,Astro
WDR17,Astro
ANO8,Astro
RP11-317N12.1,Astro
CNTFR-AS1,Astro
RP11-39M21.2,Astro
PTCHD1,Astro
LRP1,Astro
PMM1,Astro
PTPN9,Astro
LINC01241,Astro
DHODH,Astro
LDHB,Astro
LINC01550,Astro
MLYCD,Astro
TRAF3IP2,Astro
LINC00900,Astro
SSPN,Astro
VANGL2,Astro
GJA1P1,Astro
XYLT2,Astro
RP4-657E11.10,Astro
SYTL4,Astro
FAM71F2,Astro
RMST,Astro
TMEM164,Astro
CTH,Astro
BMPR1A,Astro
ADAMTSL5,Astro
PPP1R26,Astro
RP11-482D24.2,Astro
LINC01473,Astro
RAB30,Astro
NR2E1,Astro
SLC27A1,Astro
CDH26,Astro
CYP7B1,Astro
NINL,Astro
MTHFD1,Astro
IL9,Astro
FOXRED2,Astro
RP11-218C14.8,Astro
SYNE1,Astro
CCNJL,Astro
KATNAL2,Astro
MFAP5,Astro
RP11-560I19.1,Astro
RP11-427J23.1,Astro
IGFN1,Astro
METRN,Astro
PPP1R3D,Astro
SEC14L6,Astro
CMBL,Astro
MST1,Astro
RP5-1120P11.1,Astro
HADHB,Astro
BNIP3P33,Astro
POLL,Astro
ABCC11,Astro
PTPRA,Astro
EVC2,Astro
OLAH,Astro
PPP2R5A,Astro
CDH2,Astro
FLT1,Endo
B2M1,Endo
SELE,Endo
SDPR,Endo
RGS5,Endo
CLDN5,Endo
HLA-E2,Endo
CFH,Endo
CD34,Endo
EBF1,Endo
ATP10A,Endo
A2M,Endo
CYSLTR2,Endo
TGM2,Endo
ADIRF,Endo
EPAS1,Endo
ABCG2,Endo
IFI27,Endo
HERC2P3,Endo
TMSB104,Endo
CFI,Endo
GPR116,Endo
ABCB1,Endo
B2M,Endo
SLC2A1,Endo
ADCY4,Endo
TM4SF1,Endo
NDUFA4L2,Endo
MECOM,Endo
VCAM1,Endo
ITIH5,Endo
VWF,Endo
TM4SF18,Endo
HLA-B,Endo
COL1A2,Endo
COBLL1,Endo
HLA-E,Endo
ITM2A,Endo
GPX3,Endo
ANXA1,Endo
ANXA3,Endo
IFITM3,Endo
CDH6,Endo
ITGA1,Endo
IGFBP7,Endo
CYP1B1,Endo
DCN,Endo
LEF1,Endo
DUSP1,Endo
GNG11,Endo
MYH11,Endo
EDN3,Endo
ID1,Endo
SLC39A10,Endo
PDLIM1,Endo
ERG,Endo
HIGD1B,Endo
UTRN,Endo
S100A10,Endo
SLC6A12,Endo
GPCPD1,Endo
GPRC5A,Endo
EGFL7,Endo
ACTA2,Endo
PODXL,Endo
NOTCH3,Endo
PTPRB,Endo
MT2A2,Endo
INMT,Endo
MYCT1,Endo
PTPRG,Endo
MYO1B,Endo
BSG,Endo
TFPI,Endo
EMCN,Endo
SYNE2,Endo
KLF2,Endo
CASQ2,Endo
PPFIBP1,Endo
TSC22D1,Endo
ICAM2,Endo
NOSTRIN,Endo
SLC38A5,Endo
RBMS3,Endo
HLA-C,Endo
IL6,Endo
ESAM,Endo
TMSB10,Endo
PTRF,Endo
ADGRF5,Endo
ST6GAL1,Endo
TBX15,Endo
TBX3,Endo
ESYT2,Endo
SRGN,Endo
ANXA2,Endo
ELTD1,Endo
EEF1A1,Endo
TACC1,Endo
LHFP,Endo
PALMD,Endo
ST6GALNAC3,Endo
APOLD1,Endo
LAMA2,Endo
NEAT1,Endo
FN1,Endo
OSMR,Endo
ID3,Endo
ARL15,Endo
MFSD2A,Endo
ECM1,Endo
CDH5,Endo
CALD1,Endo
TAGLN2,Endo
OLFML1,Endo
LRRC32,Endo
RPS6,Endo
SPTBN1,Endo
VIM1,Endo
GIMAP6,Endo
SEMA3G,Endo
DUSP11,Endo
LUM,Endo
OMD,Endo
RPL41,Endo
IGF1R,Endo
ABCA9,Endo
SLC7A5,Endo
DLC1,Endo
XAF11,Endo
ZIC4,Endo
CYYR1,Endo
GALNT18,Endo
NFKBIA,Endo
SERPING1,Endo
RPS28P7,Endo
RUNDC3B,Endo
SLC16A1,Endo
ADM,Endo
KIAA1462,Endo
TJP1,Endo
ICAM1,Endo
DOCK9,Endo
ARHGAP29,Endo
COL3A1,Endo
MYRIP,Endo
IFITM2,Endo
TBX18,Endo
IL1RL1,Endo
RPL3P4,Endo
HSP90AA1,Endo
HLA-A,Endo
ASPN,Endo
BGN,Endo
NR3C2,Endo
ENG,Endo
EDNRA,Endo
SMOC2,Endo
CAVIN1,Endo
PCCA,Endo
VAMP5,Endo
IGF2,Endo
MYL9,Endo
PTPRM,Endo
SYNE21,Endo
COL4A1,Endo
BTNL9,Endo
PLCB4,Endo
MFAP4,Endo
FOXC1,Endo
CAVIN2,Endo
PTPRK,Endo
PTRF1,Endo
CMAHP,Endo
THSD4,Endo
SLC9A3R2,Endo
SPARCL1,Endo
PHLDB2,Endo
FOXF1,Endo
TMEM204,Endo
NFIA,Endo
GGT5,Endo
VANGL1,Endo
CXCL1,Endo
,Endo
SPARC2,Endo
SERTAD1,Endo
FHL5,Endo
TIMP3,Endo
IGFBP4,Endo
RERGL,Endo
ITIH2,Endo
TGFBR2,Endo
RP11-345J18.2,Endo
STOM,Endo
AVPR1A,Endo
ELOVL7,Endo
DENND2C,Endo
PEAR1,Endo
C2CD2,Endo
TCN2,Endo
LGALS1,Endo
SLCO2B1,Endo
CD44,Endo
DSP,Endo
GIMAP7,Endo
AJUBA,Endo
TIE1,Endo
PGF,Endo
SLC6A13,Endo
EMP2,Endo
TFPI2,Endo
SLCO4A1,Endo
NR4A1,Endo
NOTCH4,Endo
THBS1,Endo
HYAL2,Endo
PK,Endo
NET1,Endo
PCOLCE,Endo
ROBO4,Endo
CLEC14A,Endo
ST6GALNAC1,Endo
RASL12,Endo
CLIC5,Endo
MT1E,Endo
C7,Endo
SLC13A4,Endo
SOX7,Endo
BST2,Endo
ZFP36,Endo
MATN3,Endo
COL14A1,Endo
RP11-389C8.2,Endo
ID11,Endo
VGLL3,Endo
GJC1,Endo
RCSD1,Endo
HEG1,Endo
KANK3,Endo
FRMD6,Endo
C1orf64,Endo
GATA2,Endo
NID1,Endo
PDE4C,Endo
APOL3,Endo
SLC2A3,Endo
RND3,Endo
IL1R1,Endo
VAT1,Endo
CAV1,Endo
PRELP,Endo
SMIM3,Endo
AC011526.1,Endo
RP11-649A16.1,Endo
CAV2,Endo
SOX18,Endo
YES1,Endo
CA4,Endo
ITGA11,Endo
RAMP2,Endo
ACVRL1,Endo
TPM1,Endo
MT-RNR27,Endo
ZNF799,Endo
CTGF,Endo
SYNPO2,Endo
AHNAK1,Endo
CDYL2,Endo
HMCN1,Endo
LIMS2,Endo
GABRE,Endo
TNS1,Endo
PERP,Endo
SORBS2,Endo
CDC45,Endo
TMEM1231,Endo
CTD-2033D15.2,Endo
TWIST1,Endo
LEPR,Endo
SPARCL111,Endo
FOSB,Endo
ZNF366,Endo
LMO21,Endo
STX10,Endo
FRZB,Endo
YBX31,Endo
FBLN5,Endo
SOCS3,Endo
SIK11,Endo
SHE,Endo
FENDRR,Endo
PLAT,Endo
METTL21B,Endo
RBPMS,Endo
LSR,Endo
DAB2IP,Endo
ANGPT2,Endo
EPSTI1,Endo
SLC52A3,Endo
KLF11,Endo
IL32,Endo
IFI44L,Endo
TNFAIP1,Endo
FOSL2,Endo
FOXF2,Endo
ITGA6,Endo
CYR61,Endo
ISYNA1,Endo
FLI1,Endo
PSMB9,Endo
C10ORF10,Endo
IFI61,Endo
PLEKHG2,Endo
CRIM1,Endo
COL1A1,Endo
WWTR1,Endo
GALNT15,Endo
RP11-290C10.1,Endo
ALPL,Endo
MYL12A,Endo
SLC6A20,Endo
OLFML2A,Endo
MT1X,Endo
RP11-296P7.4,Endo
CETP,Endo
C10orf10,Endo
RBM20,Endo
BCL6B,Endo
ETS2,Endo
TAGLN,Endo
GPR124,Endo
EVA1C,Endo
FAM124B,Endo
EHD2,Endo
C1ORF64,Endo
S1PR1,Endo
SLC5A6,Endo
ABHD14B,Endo
PTGDR2,Endo
HERPUD1,Endo
CLEC1A,Endo
SLC16A4,Endo
TES,Endo
ETS1,Endo
CD59,Endo
GPR133,Endo
RP11-693N9.2,Endo
GBP4,Endo
CGNL1,Endo
FMOD,Endo
TDGF1,Endo
MAST2,Endo
FAM26E,Endo
LGALS3,Endo
VIM,Endo
FLNA,Endo
TFRC,Endo
LZTS2,Endo
TINAGL1,Endo
ID31,Endo
ZNF408,Endo
SLFN5,Endo
VCL,Endo
XAF1,Endo
RPS28,Endo
TRIP10,Endo
RP11-405M12.3,Endo
ISG15,Endo
ZIC1,Endo
SLC30A1,Endo
KDELC2,Endo
RHOC,Endo
2-Mar,Endo
RBM43,Endo
PRX,Endo
UACA,Endo
FAM46C,Endo
SLC7A1,Endo
EDN1,Endo
CEMIP,Endo
SLC4A2,Endo
PROM1,Endo
LAPTM4A,Endo
FBXO25,Endo
SGPP2,Endo
KLF6,Endo
HEXIM1,Endo
MYO5C,Endo
C10orf54,Endo
LIN9,Endo
PGR,Endo
NES,Endo
SPARC,Endo
RSU1,Endo
PXN,Endo
MT1F,Endo
MRPL1,Endo
MX1,Endo
RAI2,Endo
RP11-714L20.1,Endo
MGP,Endo
RBPMS2,Endo
TMSB4X4,Endo
PLA1A,Endo
LMCD1,Endo
ANXA5,Endo
GPX8,Endo
SULT1B1,Endo
MT1M,Endo
SIK2,Endo
S1PR3,Endo
IFI44,Endo
ASAP1-IT2,Endo
SLC19A3,Endo
PARP9,Endo
TSKU,Endo
CD320,Endo
CRIP2,Endo
PROCR,Endo
TPM2,Endo
YBX3,Endo
SLC39A8,Endo
BHLHE40,Endo
ZBTB38,Endo
PCAT19,Endo
SAT14,Endo
DIO3OS,Endo
TPT1,Endo
SLC16A13,Endo
TNFSF10,Endo
TUBG1,Endo
NXN,Endo
PTH1R,Endo
UBE2L6,Endo
GPR85,Endo
TUBB4B,Endo
IFI6,Endo
SCARB1,Endo
RP11-506B6.6,Endo
OCLN,Endo
NAMPT,Endo
ACER2,Endo
GNAI2,Endo
IRF1,Endo
ITPR3,Endo
RNASE11,Endo
RBCK1,Endo
NEDD9,Endo
TBC1D4,Endo
CSRP2,Endo
CP1,Endo
SULT1C2,Endo
SLC38A11,Endo
NEAT112,Endo
CXCL2,Endo
MT1L,Endo
FAM107A2,Endo
TIMP1,Endo
COL4A2,Endo
MYL61,Endo
S100A6,Endo
LINC00924,Endo
TSC22D3,Endo
TNS2,Endo
IFNGR1,Endo
TCF7L1,Endo
ADH1B,Endo
MYL12B,Endo
RP11-553L6.2,Endo
DLL4,Endo
ARPC1B,Endo
DOCK9-AS1,Endo
MT1A,Endo
CNTLN,Endo
NR4A11,Endo
WNT11,Endo
MMRN2,Endo
UBC2,Endo
MT-RNR1,Endo
SOX17,Endo
PALMD1,Endo
PXDC1,Endo
C11ORF96,Endo
SERPINB6,Endo
LINC00571,Endo
FOXP1,Endo
PTMA8,Endo
ACTN4,Endo
SOS1,Endo
CTNNB1,Endo
MSX1,Endo
DDX47,Endo
LY6E,Endo
LNX2,Endo
HERC2P9,Endo
GGT1,Endo
HES12,Endo
LAMC1,Endo
CDA,Endo
PAPSS2,Endo
SLC16A2,Endo
MLIP,Endo
RGCC,Endo
OGN,Endo
ACVR1,Endo
PON22,Endo
ANKS1A,Endo
RBMS2,Endo
RPS23,Endo
RP11-302L19.3,Endo
ACSL5,Endo
MIR143HG,Endo
RPL131,Endo
EGFLAM,Endo
HERC2P2,Endo
BMP4,Endo
AFAP1L1,Endo
RPS193,Endo
B3GNT2,Endo
TRGC2,Endo
SLC3A2,Endo
APH1A,Endo
GATA2-AS1,Endo
PARP14,Endo
C8ORF4,Endo
MXRA5,Endo
CTGF1,Endo
TMEM2,Endo
CXORF36,Endo
CHST12,Endo
PTTG1IP,Endo
GSK3A,Endo
RRAS,Endo
MTUS12,Endo
RPL13AP20,Endo
HSPA12B,Endo
SPOCK21,Endo
ESM1,Endo
LRRC17,Endo
RPLP1,Endo
SNAI2,Endo
TENC1,Endo
CEBPD,Endo
GPR4,Endo
AIF1L,Endo
RP11-568K15.1,Endo
KLF4,Endo
RPS29,Endo
SUSD2,Endo
EMP1,Endo
BTG21,Endo
LMNA,Endo
GADD45B1,Endo
TMEM256P2,Endo
ZFP361,Endo
PMEPA1,Endo
H3F3B2,Endo
FOXQ1,Endo
SP1001,Endo
CAPN12,Endo
NOS3,Endo
SWAP70,Endo
SCN4A,Endo
ZIC3,Endo
MYH9,Endo
FAM21A,Endo
P2RY14,Endo
RPS3,Endo
ZBTB10,Endo
RP11-752L20.3,Endo
RHOA,Endo
FHL2,Endo
KDR,Endo
RPL11,Endo
CCDC141,Endo
FKBP1A,Endo
UBE2S,Endo
AC007743.1,Endo
RPL36,Endo
AKAP12,Endo
SH2D3C,Endo
CYB5R3,Endo
OPA3,Endo
HBB,Endo
ADAR,Endo
HLA-F,Endo
EFNA1,Endo
CCDC68,Endo
RPS27A,Endo
RP11-545A16.4,Endo
ST8SIA6,Endo
CFLAR,Endo
EIF3I,Endo
PODN,Endo
FOS2,Endo
SLC25A39,Endo
RP11-744N12.3,Endo
PDK4,Endo
LINC00920,Endo
SMIM10,Endo
RPL28,Endo
IFIH1,Endo
ARHGEF15,Endo
INTS12,Endo
KLF9,Endo
EPB41L4A,Endo
FZD6,Endo
IFI161,Endo
ISLR,Endo
CCM2L,Endo
RPS11,Endo
SKAP1,Endo
HYAL1,Endo
MCL11,Endo
PTEN,Endo
SLC9A1,Endo
ZFP36L14,Endo
CCDC88C,Endo
PLXDC1,Endo
COX7A1,Endo
BTG2,Endo
COLEC12,Endo
KCTD12,Endo
GAPDHP29,Endo
CD248,Endo
RPL27A,Endo
EHD1,Endo
FAM89A,Endo
SEC14L1,Endo
PSMC3,Endo
NUP210L,Endo
BTNL91,Endo
ECM2,Endo
TTLL1,Endo
FLT4,Endo
CD63,Endo
CSRNP1,Endo
AC116366.6,Endo
ITM2B,Endo
RP11-340L3.1,Endo
LRRC70,Endo
HSPA1A1,Endo
TRIM28,Endo
ECSCR,Endo
TSPAN14,Endo
FMO2,Endo
SUV39H1,Endo
ERVMER34-1,Endo
ACKR1,Endo
ACTG2,Endo
PIK3R3,Endo
ECE1,Endo
RPL35,Endo
AKAP2,Endo
CPAMD8,Endo
ACTB2,Endo
ARFGEF2,Endo
IL15RA,Endo
RPGR1,Endo
ARRDC2,Endo
C12orf57,Endo
SOX13,Endo
AGRN,Endo
PPFIBP18,Endo
SLFN12,Endo
ABLIM3,Endo
RPL8,Endo
PPP1R15A,Endo
GPER1,Endo
RAC1,Endo
U47924.6,Endo
LINC00961,Endo
ATP1A23,Endo
RPSAP51,Endo
MT-TM,Endo
ANP32B,Endo
P4HA2,Endo
PLOD1,Endo
SDCBP,Endo
ATAD2,Endo
RPL38,Endo
PML,Endo
JUNB,Endo
JUNB2,Endo
PSMB8,Endo
TEAD2,Endo
GSTP11,Endo
CSNK1G3,Endo
CCDC3,Endo
TXNIP,Endo
GSTP1,Endo
C2ORF15,Endo
TPM4,Endo
RP11-1074O12.1,Endo
GJA4,Endo
ACTG11,Endo
BIRC3,Endo
APOBEC3D,Endo
RPL13A,Endo
SNTB1,Endo
AKR1E2,Endo
CCDC501,Endo
LINC00222,Endo
SVIL,Endo
RBM17,Endo
ZMYM1,Endo
DEAF1,Endo
WIPI1,Endo
PABPC4L,Endo
RPS5,Endo
SNX33,Endo
ADIPOR2,Endo
FAM122C,Endo
SLFN12L,Endo
STAT3,Endo
RP11-373D23.3,Endo
LAMA4,Endo
AC104781.1,Endo
MYO1C,Endo
RPS16,Endo
PSME1,Endo
SNED1,Endo
EIF1,Endo
NYNRIN,Endo
RPS9,Endo
GPR108,Endo
TP63,Endo
ITGB1,Endo
BTN3A3,Endo
PFN1,Endo
GSTO2,Endo
TAP1,Endo
CPD,Endo
TRIM56,Endo
ENPEP,Endo
RPL18,Endo
TXLNA,Endo
KIAA1683,Endo
GPX1,Endo
OPTN,Endo
ZNF823,Endo
POMP,Endo
ZNF442,Endo
SLCO2A1,Endo
SHANK3,Endo
NUDT2,Endo
CSF3,Endo
RPS12,Endo
SIK1,Endo
BMP6,Endo
TLN1,Endo
DMBT1,Endo
MARVELD2,Endo
LAMA5,Endo
NT5DC2,Endo
C1QTNF1,Endo
SERF2,Endo
PPP1R10,Endo
CX3CL1,Endo
MT-ND4,Endo
SMAGP,Endo
RN7SL2,Endo
SPTBN11,Endo
PSME2,Endo
PECAM1,Endo
TMBIM61,Endo
SNRK,Endo
COX4I2,Endo
CAP1,Endo
RPL18AP7,Endo
TRGC1,Endo
RPL37A,Endo
RP11-76C10.3,Endo
PRSS23,Endo
FTL3,Endo
SLC39A13,Endo
SFTA1P,Endo
SPSB2,Endo
RP11-654A16.1,Endo
HERC2,Endo
ALDH1A2,Endo
GCNT1,Endo
TPM3,Endo
CRISPLD2,Endo
MYLK2,Endo
RPS4X,Endo
C1R,Endo
PVRL2,Endo
RPS20,Endo
ANKRD26P4,Endo
SYDE1,Endo
MT-ND21,Endo
RP5-1009E24.8,Endo
FRMD3,Endo
EPHA2,Endo
TPM11,Endo
RP11-466F5.6,Endo
PARVB,Endo
MGLL,Endo
AC083843.1,Endo
RPLP2,Endo
CTD-2583A14.11,Endo
D21S2088E,Endo
CD46,Endo
RAB13,Endo
OAS2,Endo
RPL23,Endo
BMP2,Endo
KL,Endo
ZEB1,Endo
PRRX1,Endo
NEURL1B,Endo
RPL19,Endo
RP11-152C15.1,Endo
ATP5E,Endo
HEBP2,Endo
MT-TV,Endo
MT-CO32,Endo
STARD13-AS,Endo
SERPINH1,Endo
POLR2L,Endo
ANTXR2,Endo
SHC2,Endo
RPL3,Endo
RP11-401P9.6,Endo
WEE1,Endo
GSN1,Endo
PAQR5,Endo
MT-TK,Endo
CALD11,Endo
RP11-444E17.6,Endo
MVP,Endo
HES4,Endo
BRD2,Endo
RPS8,Endo
AC017104.2,Endo
CDC37,Endo
CES1,Endo
IL6ST1,Endo
RP11-358D17.2,Endo
ANPEP,Endo
MT-CO21,Endo
MANBAL,Endo
RP11-392P7.1,Endo
MT-CYB1,Endo
SLC22A2,Endo
RSAD2,Endo
INSR,Endo
RP11-3K16.2,Endo
RNF152,Endo
CFL1,Endo
RP3-486I3.4,Endo
IGFBP1,Endo
PTMS,Endo
RPL7P19,Endo
NKD1,Endo
SRP141,Endo
CARD6,Endo
FURIN,Endo
PHF10,Endo
RP11-268J15.5,Endo
IFI35,Endo
CAPNS1,Endo
GATAD2A,Endo
SLC20A2,Endo
PDCD4,Endo
CBLN3,Endo
EIF4G2,Endo
CTA-29F11.1,Endo
SOCS2,Endo
RHOB1,Endo
BCL7B,Endo
KIRREL,Endo
TUBB,Endo
CNKSR3,Endo
ARHGAP10,Endo
GAPDH1,Endo
MLKL,Endo
TSPAN9,Endo
HMGB1,Endo
RP11-48B3.4,Endo
SYT15,Endo
PTN2,Endo
SMPD4P1,Endo
ARAP3,Endo
DSTN,Endo
WARS,Endo
TBX2,Endo
BMPR2,Endo
FZD10-AS1,Endo
RPL34,Endo
RARRES2,Endo
CTA-212A2.1,Endo
EEF2,Endo
RASIP1,Endo
NCL,Endo
RP1-283K11.3,Endo
GRP,Endo
KIF5B,Endo
SNHG8,Endo
RP11-492E3.2,Endo
EEF1D,Endo
FMO3,Endo
MT-ND3,Endo
SPRY4-IT1,Endo
IQGAP1,Endo
PTPN14,Endo
DACT2,Endo
OAZ1,Endo
PYGO2,Endo
PHACTR2,Endo
DEK,Endo
U73166.2,Endo
CMTM8,Endo
GNAS4,Endo
ARHGEF17,Endo
SLFN13,Endo
GNB2L1,Endo
NOC3L,Endo
RP11-394O4.5,Endo
MT-ND51,Endo
PKHD1,Endo
FOXC2,Endo
CAST1,Endo
MXRA7,Endo
LINC01139,Endo
2-Jun,Endo
AC013463.2,Endo
HSPA1B2,Endo
NDUFB8P2,Endo
CBFA2T3,Endo
TPI1,Endo
ZNF407,Endo
SMG1P4,Endo
CCNI1,Endo
IER2,Endo
CNN2,Endo
MT-ND1,Endo
MRPS24,Endo
DACH1,Endo
APOD2,Endo
BAMBI,Endo
MT-ATP6,Endo
ZNF274,Endo
SPINK8,Endo
CCNL1,Endo
ORC5,Endo
DEGS2,Endo
FAM213A,Endo
RNU6-490P,Endo
CMPK2,Endo
EIF3A,Endo
TBPL1,Endo
SHISA5,Endo
ARL13B,Endo
APOL1,Endo
KTN12,Endo
TUBD1,Endo
FAM162B,Endo
RPL4,Endo
IRGM,Endo
RPL35A,Endo
ZNF394,Endo
PCK1,Endo
SEPW1,Endo
TRAPPC2B,Endo
GJA5,Endo
DDX11,Endo
PIK3C2A,Endo
CCL19,Endo
TESK1,Endo
ABLIM12,Endo
RP11-422P24.9,Endo
BATF2,Endo
ACTN1,Endo
LSMEM1,Endo
ATP8B1,Endo
EIF2AK2,Endo
GUK1,Endo
TUBA1B7,Endo
CXCL12,Endo
RHOBTB1,Endo
SORBS21,Endo
RAMP2-AS1,Endo
ASS1,Endo
CSDE1,Endo
HNRNPA1P54,Endo
CXCL11,Endo
RN7SL51P,Endo
RAMP3,Endo
HSP90B1,Endo
MYL6,Endo
ITGA10,Endo
DDX51,Endo
H2AFZ,Endo
CDK2,Endo
HNRNPH11,Endo
CTD-2363C16.1,Endo
FOXL1,Endo
PABPC11,Endo
CTBS,Endo
PCDH1,Endo
ADD1,Endo
RNA5SP111,Endo
PLEKHG1,Endo
DANCR,Endo
GRB10,Endo
RHOB,Endo
ADAMTS9,Endo
STARD8,Endo
RP11-390K5.6,Endo
DYRK3,Endo
SNAI1,Endo
DDIT3,Endo
MT-TF,Endo
AGTRAP,Endo
ANO2,Endo
RP3-348I23.3,Endo
CH507-9B2.3,Endo
SNHG5,Endo
FLVCR2,Endo
AC006116.19,Endo
RAB37,Endo
RP11-670E13.3,Endo
PAWR,Endo
SLC6A6,Endo
RP11-803D5.4,Endo
LINC00882,Endo
ING1,Endo
AHNAK,Endo
FSTL1,Endo
NDUFAF3,Endo
SLC19A1,Endo
TIPARP,Endo
HPCAL1,Endo
EOGT,Endo
RPS21,Endo
NID2,Endo
GBP1P1,Endo
ADPRM,Endo
DPEP2,Endo
RPL7P28,Endo
FDPSP8,Endo
RP11-474D1.3,Endo
RELA,Endo
DDN,Endo
THAP3,Endo
MT-TQ,Endo
NAPA-AS1,Endo
RP11-1084I9.1,Endo
TOPORS,Endo
COL6A2,Endo
CTSV,Endo
APOL4,Endo
RP11-301L8.2,Endo
MYOCD,Endo
SGOL2,Endo
RP11-758P17.3,Endo
JUND,Endo
PLOD3,Endo
MT-RNR2,Endo
SOS1-IT1,Endo
C1ORF54,Endo
ATP8B5P,Endo
RP11-138I17.1,Endo
ALS2CL,Endo
KDELC1P1,Endo
GADD45B,Endo
PTGDR,Endo
COL24A1,Endo
EML1,Endo
IL18R1,Endo
COL27A1,Endo
ATP7B,Endo
C1ORF35,Endo
TMOD3,Endo
PIBF1,Endo
IGSF9,Endo
ERRFI1,Endo
FZD10,Endo
RP11-252I14.1,Endo
PCBP3,Endo
MIR22HG,Endo
MEGF6,Endo
ACN9,Endo
CD151,Endo
BCL2L10,Endo
BLOC1S3,Endo
CTR9,Endo
LINC01388,Endo
CEP89,Endo
ANXA2P2,Endo
CENPP,Endo
FLNB,Endo
IYD,Endo
SLC10A3,Endo
RP11-293A21.1,Endo
CKMT2,Endo
LINC00998,Endo
NSUN6,Endo
PCGF2,Endo
FAM134C,Endo
TNFRSF10D,Endo
ARHGAP42,Endo
NBEAL1,Endo
RP1-142L7.5,Endo
MT-TL1,Endo
ZNF257,Endo
ADIRF-AS1,Endo
WBSCR16,Endo
RP11-777B9.1,Endo
MRGPRF,Endo
OBFC1,Endo
LDLR,Endo
RP11-181E10.3,Endo
KIAA0355,Endo
KRTCAP3,Endo
VIT,Endo
FGD5,Endo
RP11-158I3.3,Endo
RP3-365O12.2,Endo
LAMA3,Endo
RP11-93B14.9,Endo
CA5B,Endo
BACE2,Endo
PTGES,Endo
FHL3,Endo
KANK2,Endo
QRFPR,Endo
MTRNR2L10,Endo
RP11-327L3.3,Endo
TNIP1,Endo
RP11-315D13.1,Endo
TMEM45B,Endo
VWA2,Endo
SLFN11,Endo
DIO3,Endo
FOXL2NB,Endo
A4GALT,Endo
PPARD,Endo
CFAP45,Endo
RP1-142L7.9,Endo
FES,Endo
TESC,Endo
IGFBP3,Endo
NAGS,Endo
LMO2,Endo
UPB1,Endo
NTAN1,Endo
HELZ2,Endo
ISM1,Endo
PKIG,Endo
RP11-363E7.4,Endo
OST4,Endo
SLC12A7,Endo
HSF1,Endo
TTN,Endo
S100A16,Endo
JUN,Endo
RN7SKP203,Endo
ZCCHC14,Endo
LAMB2,Endo
FAM129B,Endo
GIPC3,Endo
ACE,Endo
SAV1,Endo
KCNE4,Endo
STRA6,Endo
MT-ATP8,Endo
NLRC5,Endo
PKN3,Endo
NFE2L1,Endo
PES1,Endo
RUVBL2,Endo
TAF13,Endo
SLC38A3,Endo
HRC,Endo
FOXL2,Endo
POLRMT,Endo
TNXB,Endo
RP11-420L9.5,Endo
NHSL2,Endo
RPL12L3,Endo
GPIHBP1,Endo
JAG2,Endo
CCNY,Endo
LINC01515,Endo
CTD-2135D7.5,Endo
PROSER2,Endo
F2RL3,Endo
MT-TG,Endo
FBXO39,Endo
RP11-569G9.7,Endo
LZTS1,Endo
C2CD4B,Endo
MT-TY,Endo
DCBLD1,Endo
LMNTD1,Endo
MT-TD,Endo
MT-TR,Endo
BTBD6,Endo
SLC16A6,Endo
RP11-757G1.6,Endo
ADAMTS9-AS1,Endo
STC2,Endo
ABO,Endo
RALB,Endo
SLC35A4,Endo
RP11-149P24.1,Endo
SYNPO,Endo
TRAM2,Endo
SIX1,Endo
ULBP2,Endo
HIST1H1D,Endo
NKX6-1,Endo
AP006216.5,Endo
LRG1,Endo
MAGEA12,Endo
IMPDH1,Endo
RP11-253E3.3,Endo
LINC00992,Endo
MT-TA,Endo
AC025335.1,Endo
AC005753.1,Endo
ADAMTS8,Endo
TMEM179B,Endo
RP1-193H18.3,Endo
RN7SL752P,Endo
HPGD,Endo
RP4-539M6.22,Endo
LXN,Endo
HRCT1,Endo
MYADM,Endo
RP11-589C21.6,Endo
AXIN2,Endo
USHBP1,Endo
CNOT6L,Endo
AC141928.1,Endo
RP11-254F7.2,Endo
EEFSEC,Endo
LRRC37A11P,Endo
CCDC101,Endo
XPNPEP2,Endo
KIF25,Endo
RP11-573D15.2,Endo
HIST1H2BC,Endo
MX2,Endo
RP11-3P17.3,Endo
RAB44,Endo
HTR1F,Endo
LTF,Endo
SPESP1,Endo
DOCK8,Micro
LPAR6,Micro
CCL3L3,Micro
DHRS9,Micro
C10orf11,Micro
ADAM28,Micro
CCL4L1,Micro
KBTBD8,Micro
ST6GAL1,Micro
RGS1,Micro
CCL4,Micro
TNFSF18,Micro
AC120193.1,Micro
PLXDC2,Micro
RNASET2,Micro
ITGAX,Micro
IL1A,Micro
P2RY12,Micro
CSF3R,Micro
CD74,Micro
MSR1,Micro
C3,Micro
C1QB,Micro
PLEK,Micro
ITPR2,Micro
SPP12,Micro
FOLR2,Micro
PIK3AP1,Micro
DOCK4,Micro
FYB,Micro
TLR1,Micro
C3AR1,Micro
MAF1,Micro
P2RX4,Micro
OLR1,Micro
TBXAS1,Micro
INPP5D,Micro
SAT12,Micro
ARHGAP25,Micro
PTPRC,Micro
FYB1,Micro
MS4A7,Micro
HLA-DPA1,Micro
RP11-212I21.4,Micro
SAMSN1,Micro
SYNDIG1,Micro
DENND3,Micro
HAVCR2,Micro
ZNF812,Micro
CTSB,Micro
FPR1,Micro
NLRP3,Micro
ARHGAP24,Micro
HLA-DRB1,Micro
FAM105A,Micro
TLR2,Micro
C1QC,Micro
AOAH,Micro
IL18,Micro
TREM2,Micro
CD83,Micro
FGD2,Micro
RASGEF1C,Micro
CSF1R,Micro
CD14,Micro
PIK3CG,Micro
SYK,Micro
SLCO2B1,Micro
MEF2A,Micro
CD300A,Micro
AP003481.1,Micro
ARHGAP22,Micro
CSF2RA,Micro
VSIG4,Micro
KLHL6,Micro
LST1,Micro
ATP8B4,Micro
LCP1,Micro
SLC2A5,Micro
C1QA,Micro
RP11-480C22.1,Micro
BHLHE41,Micro
PTAFR,Micro
SFMBT2,Micro
SORL11,Micro
PTPN6,Micro
IGSF6,Micro
HLA-DRA,Micro
CH17-437K3.1,Micro
ZFP36L12,Micro
LINC01141,Micro
CCR5,Micro
FAM177B,Micro
HLA-DMA,Micro
BCL2A1,Micro
FRMD4A,Micro
IFI16,Micro
TRIB1,Micro
GPR183,Micro
CX3CR1,Micro
NAV3,Micro
MIS18BP1,Micro
RGS10,Micro
THEMIS2,Micro
TYROBP,Micro
CYFIP1,Micro
APBB1IP,Micro
MS4A14,Micro
MPEG1,Micro
CD86,Micro
SRGAP2,Micro
TMSB4X3,Micro
KB-1507C5.4,Micro
IL10RA,Micro
SORL1,Micro
SLC11A1,Micro
TCOF1,Micro
HPGDS,Micro
HS3ST4,Micro
DAGLB,Micro
RHOH,Micro
SLC9A9,Micro
PABPC1,Micro
BATF3,Micro
ANKRD22,Micro
KCNQ3,Micro
FTL2,Micro
RP11-283G6.6,Micro
AL139125.1,Micro
ST6GALNAC3,Micro
MKNK1,Micro
PIK3R5,Micro
ANKRD44,Micro
SP100,Micro
GPR34,Micro
DIAPH2,Micro
HSP90AA15,Micro
FCER1G,Micro
SH2B3,Micro
LAPTM5,Micro
MEF2C,Micro
MEF2C11,Micro
SKAP2,Micro
REL,Micro
TBC1D22A,Micro
PRPF38B,Micro
ZCCHC6,Micro
TNFSF8,Micro
CD53,Micro
HLA-E,Micro
PDGFB,Micro
IL1B,Micro
AC008691.1,Micro
EPB41L2,Micro
SERPINB9,Micro
LDLRAD4,Micro
NEAT110,Micro
RP11-511H23.2,Micro
LILRB4,Micro
,Micro
FCHSD2,Micro
ZFP36L2,Micro
AIF1,Micro
BLNK,Micro
ELMO1,Micro
GPX1,Micro
UBAC2,Micro
MAML3,Micro
SLC25A37,Micro
NKX3-1,Micro
HLA-DPB1,Micro
MBNL1,Micro
RNF213,Micro
HIF1A,Micro
INHBA,Micro
ABR,Micro
RP11-691H4.3,Micro
B3GNT5,Micro
MAML2,Micro
ITPR21,Micro
TNFSF15,Micro
IRAK2,Micro
FAM49B,Micro
CYP19A1,Micro
UBE2E2,Micro
IL6ST,Micro
CD300C,Micro
SOCS6,Micro
CHST11,Micro
SLC1A32,Micro
MOB1A,Micro
CH25H,Micro
ATM,Micro
ATRX2,Micro
ENPP1,Micro
FCGR1B,Micro
ZSWIM6,Micro
ST8SIA4,Micro
IKZF1,Micro
PKN2,Micro
B2M,Micro
RP11-281P23.1,Micro
LHFPL2,Micro
QKI,Micro
ASH1L,Micro
RP11-804H8.6,Micro
C5AR1,Micro
PICALM,Micro
XAF1,Micro
ARHGDIB,Micro
CLEC7A,Micro
PPIG,Micro
CD276,Micro
CD84,Micro
PCM1,Micro
SRRM2,Micro
RP11-552D4.1,Micro
FCGR3A,Micro
DOCK10,Micro
DOCK43,Micro
DLGAP1-AS2,Micro
RP11-196G18.3,Micro
TCF12,Micro
CHD2,Micro
KCNMB1,Micro
CXORF21,Micro
RBM25,Micro
CHD9,Micro
RP11-342F17.1,Micro
RUNX1,Micro
DIP2B,Micro
GOLGA42,Micro
ZBTB1,Micro
SELPLG,Micro
DLEU2,Micro
MT-RNR25,Micro
RP4-781K5.5,Micro
TNFRSF13C,Micro
GRID2,Micro
KIAA15987,Micro
SMAD3,Micro
RP11-489O18.1,Micro
PRRC2C,Micro
RAP2B,Micro
EVL,Micro
PLIN2,Micro
RP11-350G8.5,Micro
SPIDR,Micro
CD300E,Micro
MAP4K4,Micro
EMR2,Micro
RASAL2,Micro
MYC,Micro
PTGER4,Micro
NEAT1,Micro
SERPINF1,Micro
RP5-1031D4.2,Micro
DENND1C,Micro
AC002044.1,Micro
LPCAT2,Micro
ZNF700,Micro
ZNRF2,Micro
LYN,Micro
RP11-96K19.4,Micro
FUT4,Micro
EGR2,Micro
BRAP,Micro
MS4A4A,Micro
CLECL1,Micro
NABP1,Micro
METAP1,Micro
MRC1,Micro
ABCB4,Micro
JDP2,Micro
NCKAP1L,Micro
SRGN,Micro
PARVG,Micro
RP11-707A18.1,Micro
HCLS1,Micro
DUSP6,Micro
RCBTB2,Micro
RNASE6,Micro
ARRDC5,Micro
LPAR5,Micro
RP11-141B14.1,Micro
LAT2,Micro
LINC00936,Micro
SCIMP,Micro
RP5-998N21.4,Micro
CCL2,Micro
GCNT7,Micro
IL6R,Micro
MED12L,Micro
RP11-452F19.3,Micro
RIN2,Micro
NRROS,Micro
PPARG,Micro
ALOX5AP,Micro
G0S2,Micro
IPCEF1,Micro
AC007327.5,Micro
SOAT1,Micro
CHCHD7,Micro
GBP2,Micro
ZEB2-AS1,Micro
DOCK2,Micro
ETS2,Micro
UCP2,Micro
C15ORF39,Micro
IL1RN,Micro
C16ORF54,Micro
AC009542.2,Micro
CTD-2006C1.2,Micro
RHBDF2,Micro
AC002059.10,Micro
CYBB,Micro
HCCS,Micro
ITGAM,Micro
EIF4EP1,Micro
RNA5SP151,Micro
ZNF3,Micro
LINC00676,Micro
ACTR2,Micro
LGMN,Micro
AKNA,Micro
MPP1,Micro
GNL2,Micro
ARPC2,Micro
PBDC1,Micro
LUCAT1,Micro
LINC01545,Micro
CXCR4,Micro
ACSL1,Micro
SPP1,Micro
RAB32,Micro
CXCL16,Micro
LYST,Micro
KCTD12,Micro
AKR1A1,Micro
HMGB1P21,Micro
AC091492.2,Micro
LYZ,Micro
NCOA4,Micro
AGPAT9,Micro
RP11-473O4.1,Micro
NCF2,Micro
ZNF490,Micro
FGL2,Micro
DDX39A,Micro
CYTIP,Micro
UBE2V1P6,Micro
PLAU,Micro
UTP14A,Micro
KLHL6-AS1,Micro
FCGRT,Micro
CMTM6,Micro
CXORF40B,Micro
FCGR1A,Micro
AC084082.3,Micro
LRMP,Micro
NAA15,Micro
ADAP2,Micro
RAB39A,Micro
CD69,Micro
SNX9,Micro
HLA-DMB,Micro
DR1,Micro
ITGB2,Micro
CTD-2371O3.3,Micro
PILRA,Micro
RP11-483P21.2,Micro
RP11-174G17.3,Micro
RPA2,Micro
IL16,Micro
ZNF143,Micro
RP11-160H22.3,Micro
TSPYL5,Micro
SCIN,Micro
EIF3L,Micro
SLC12A6,Micro
XIRP1,Micro
B3GNTL1,Micro
NFKBID,Micro
STK38L,Micro
LCP2,Micro
SNX29,Micro
ADORA3,Micro
TPD52L2,Micro
AC007556.3,Micro
GRN,Micro
ABCC4,Micro
MICAL1,Micro
MALT1,Micro
IL4R,Micro
CPVL,Micro
CD37,Micro
MYO1F,Micro
GMEB1,Micro
CCR1,Micro
HIVEP3,Micro
GNB4,Micro
MYBPC3,Micro
CTSC,Micro
RPL18P10,Micro
ARID3B,Micro
MILR1,Micro
RNPEP,Micro
MAFB,Micro
SLC26A2,Micro
PRRG4,Micro
CDC42-IT1,Micro
RP11-448G15.3,Micro
RP11-96D1.10,Micro
EVI2B,Micro
TNFRSF11A,Micro
PLCB2,Micro
CREB3,Micro
MAN1A1,Micro
FAM135A,Micro
C5ORF58,Micro
RRM2B,Micro
LIMS1,Micro
RP11-442G21.2,Micro
TGFBR1,Micro
RP11-213H15.1,Micro
RANBP2,Micro
RP11-515C16.1,Micro
TAL1,Micro
LINC00441,Micro
WDFY4,Micro
C1ORF186,Micro
EIF4E,Micro
SNORA67,Micro
MTHFD2,Micro
AMZ2P1,Micro
MESDC1,Micro
LSM3P2,Micro
RP11-415J8.3,Micro
MGAT1,Micro
CTSS,Micro
PRKAB1,Micro
SH3TC1,Micro
MBD4,Micro
SMAP2,Micro
RHOG,Micro
IRF8,Micro
SNORD56B,Micro
TM6SF1,Micro
VMO1,Micro
CD163,Micro
RP11-574K11.27,Micro
SGK1,Micro
UHRF1BP1,Micro
CDCP1,Micro
RP11-762I7.4,Micro
FCGBP,Micro
S100A11,Micro
ZNF217,Micro
BCAR3,Micro
SLC7A7,Micro
GTPBP4,Micro
EIF3M,Micro
RP3-340N1.2,Micro
NUP54,Micro
HLA-DQA1,Micro
ARID5A,Micro
RAPGEF2,Micro
ALPK3,Micro
RP11-360F5.3,Micro
RP6-159A1.4,Micro
IL10RB-AS1,Micro
FGD4,Micro
GNLY,Micro
C1ORF162,Micro
RNU6-786P,Micro
PTPRE,Micro
CNOT6,Micro
FCGR2A,Micro
GRB2,Micro
HS6ST1,Micro
LINC01374,Micro
AC127904.2,Micro
GLUD1P3,Micro
LINC00649,Micro
RP11-439A17.10,Micro
ACTB,Micro
RP11-701P16.2,Micro
RNVU1-15,Micro
TLR7,Micro
STXBP2,Micro
GGTA1P,Micro
RP11-21M7.2,Micro
SLC15A4,Micro
HS3ST1,Micro
LYVE1,Micro
MOB3A,Micro
RNVU1-19,Micro
CDC42SE1,Micro
WDR91,Micro
SGPP1,Micro
SPHK1,Micro
ARHGAP26-IT1,Micro
P2RY13,Micro
LUZP1,Micro
CTB-114C7.4,Micro
RP11-8P11.4,Micro
CTTNBP2NL,Micro
CSNK2A2,Micro
PLAUR,Micro
KDM7A,Micro
ELF1,Micro
PYCARD,Micro
HCK,Micro
CTD-2410N18.4,Micro
RP11-589N15.2,Micro
LYPLA1,Micro
SYAP1,Micro
RP11-439L18.1,Micro
EDEM1,Micro
MCM9,Micro
TMEM71,Micro
TSR1,Micro
RUNX2,Micro
RP11-142E9.1,Micro
ETF1,Micro
DCTD,Micro
GNA13,Micro
RP11-638I2.10,Micro
PARN,Micro
AC006978.6,Micro
CHST14,Micro
AD000864.6,Micro
C19ORF38,Micro
CELF2-AS1,Micro
FALEC,Micro
SYTL3,Micro
DOK2,Micro
MNDA,Micro
E2F3,Micro
CD4,Micro
ERMAP,Micro
DNAH1,Micro
SRGAP2-AS1,Micro
SLC2A9,Micro
RP11-41O4.1,Micro
TPM3P9,Micro
RNF122,Micro
HNRNPRP1,Micro
LINC00987,Micro
AKAP13,Micro
RNU4-2,Micro
USP53,Micro
WBSCR22,Micro
RP6-99M1.3,Micro
RP11-158K1.3,Micro
MTHFD1L,Micro
RP11-154D6.1,Micro
CARS2,Micro
RP11-575A19.2,Micro
OS9,Micro
CLEC4A,Micro
SCAMP2,Micro
RP11-53B2.2,Micro
FAM91A1,Micro
SERPINA1,Micro
CYB561A3,Micro
ZNF415P1,Micro
RP11-96D1.5,Micro
RP11-24F11.2,Micro
VHL,Micro
FPR3,Micro
CLPB,Micro
CD274,Micro
CLINT1,Micro
IRF5,Micro
LINC00264,Micro
CYTH4,Micro
BCAS2,Micro
DAPP1,Micro
ZNF805,Micro
TMEM106A,Micro
P4HA1,Micro
SLC50A1,Micro
RP11-1082L8.3,Micro
TNFSF14,Micro
MLXIPL,Micro
GM2A,Micro
PTGES3P1,Micro
TAB3,Micro
GGA3,Micro
CTSL,Micro
ESCO1,Micro
RP11-1008C21.2,Micro
TLR4,Micro
PDK4,Micro
CNOT1,Micro
LINC00996,Micro
SLC25A25-AS1,Micro
POU2F2,Micro
NEDD9,Micro
EEPD1,Micro
RP11-946L16.1,Micro
SLC43A2,Micro
RP11-142M10.2,Micro
IGBP1-AS1,Micro
RPS2,Micro
CD300LB,Micro
TBC1D14,Micro
RP11-81A1.7,Micro
RNF149,Micro
SLC35A3,Micro
DGKA,Micro
SNORA51,Micro
ACY3,Micro
ACTG1P14,Micro
RP11-172E10.1,Micro
SNRPD2P1,Micro
RP11-126O1.4,Micro
AF064858.6,Micro
TAGAP,Micro
ZBTB21,Micro
C10ORF11,Micro
HSPA8P19,Micro
ARHGAP15,Micro
PRR13,Micro
DNMBP,Micro
CD226,Micro
ARPC1B,Micro
CYP2R1,Micro
HENMT1,Micro
AC244021.1,Micro
AP000640.10,Micro
RASGEF1B,Micro
SEC24C,Micro
PLVAP,Micro
UBE2F-SCLY,Micro
CASP1,Micro
RNF20,Micro
PGM2,Micro
LPXN,Micro
TRAF6,Micro
VAMP8,Micro
RP11-1020A11.2,Micro
EGR3,Micro
RP11-573D15.9,Micro
AF127936.5,Micro
RP11-117D22.2,Micro
RP11-750H9.5,Micro
UBXN11,Micro
RCOR1,Micro
RNF144B,Micro
GPRIN3,Micro
RP11-16E18.3,Micro
SRGAP2B,Micro
ATP6V0E1,Micro
CORO1A,Micro
GTF2E2,Micro
LINC01480,Micro
MR1,Micro
SIGLEC10,Micro
ARGFXP2,Micro
RP11-343N15.2,Micro
AREL1,Micro
RP11-733O18.1,Micro
WASF2,Micro
HK2,Micro
SYNE4,Micro
ADAM17,Micro
YIPF1,Micro
RBM47,Micro
RNVU1-6,Micro
RP11-443B7.3,Micro
ZCCHC8,Micro
CCL20,Micro
ETF1P2,Micro
LINC01375,Micro
CTD-3252C9.4,Micro
RP11-274J7.2,Micro
TMEM52B,Micro
HPS3,Micro
FMN1,Micro
SNORA40,Micro
OSM,Micro
ATP6V1B2,Micro
STX11,Micro
CAPG,Micro
CYTL1,Micro
RP11-624C23.1,Micro
CAPNS2,Micro
RTTN,Micro
RAB7B,Micro
SLC16A3,Micro
LY86,Micro
RP11-556E13.1,Micro
RP11-283G6.5,Micro
MDM2,Micro
PCED1B-AS1,Micro
FMNL1,Micro
RP11-1149M10.1,Micro
CALCR,Micro
RIN3,Micro
GAL3ST4,Micro
ZFPM2-AS1,Micro
RP11-677N16.1,Micro
ATP13A3,Micro
ELL2,Micro
USP15,Micro
TNFAIP8L3,Micro
NPL,Micro
RP11-445F6.2,Micro
RNVU1-20,Micro
VMP1,Micro
RP11-815J21.3,Micro
GPR84,Micro
CD33,Micro
SIGLEC9,Micro
AC008592.5,Micro
FCAR,Micro
NAB2,Micro
RP11-183I6.2,Micro
TLR6,Micro
IL13RA1,Micro
CD180,Micro
RP11-67L14.1,Micro
CAP1,Micro
TLN2,Micro
IL10,Micro
DPYS,Micro
RP11-439A17.9,Micro
GABPB1,Micro
SRGAP2C,Micro
SLC18A1,Micro
LINC00964,Micro
PDE3B,Micro
FBP1,Micro
ARHGAP9,Micro
HLA-DRB6,Micro
FCGR2B,Micro
PDPN,Micro
AC007362.3,Micro
RP11-356M20.3,Micro
CHSY1,Micro
LINC01268,Micro
ITGAL,Micro
CTD-2647E9.3,Micro
C10ORF128,Micro
IRAK3,Micro
PLEKHO1,Micro
SAT1,Micro
PAG1,Micro
RP11-1082L8.4,Micro
RP1-18D14.7,Micro
BACH1,Micro
ANKRD10-IT1,Micro
GPR160,Micro
ARRB2,Micro
CMTM7,Micro
RP11-4B16.4,Micro
RP11-153M7.3,Micro
SLC1A5,Micro
AC004593.3,Micro
AC003080.4,Micro
CD80,Micro
CEP170,Micro
TRIM38,Micro
CAPZA1,Micro
BNC2,Micro
SIGLEC8,Micro
RP11-960L18.1,Micro
RP11-82L18.2,Micro
RGS18,Micro
GLIPR1,Micro
RP11-705O1.8,Micro
FAM149A,Micro
OR2B11,Micro
NLRP4,Micro
KYNU,Micro
RP11-12O16.1,Micro
IL1RAP,Micro
EML4,Micro
GCNT1P3,Micro
GMFG,Micro
RGS17P1,Micro
BTK,Micro
CAPZB,Micro
EMB,Micro
EBI3,Micro
AF127577.13,Micro
AC002480.3,Micro
SUCNR1,Micro
UGCG,Micro
FCGR2C,Micro
RP1-261D10.1,Micro
TXLNB,Micro
DCSTAMP,Micro
MAP2K3,Micro
MORC1,Micro
RPS6KA1,Micro
HCST,Micro
SUSD3,Micro
CDV3,Micro
CNPY3,Micro
BMS1P4,Micro
CIITA,Micro
RPL21P123,Micro
TFEC,Micro
RP11-238K6.1,Micro
RP11-114F10.3,Micro
PSMD8P1,Micro
COTL1,Micro
RN7SKP296,Micro
RNU6-128P,Micro
SUSD6,Micro
TRA2B,Micro
SPTLC2,Micro
RP11-196G18.1,Micro
SP3,Micro
CTC-428H11.2,Micro
CCRL2,Micro
AMELX,Micro
TMC8,Micro
HNRNPA1P71,Micro
LINC00484,Micro
CTD-2262B20.1,Micro
RP11-484N16.1,Micro
ADAMTSL4-AS1,Micro
SIPA1L2,Micro
RP11-16C1.2,Micro
CARD11,Micro
CASS4,Micro
ELF4,Micro
PSTPIP2,Micro
CCL22,Micro
TLR3,Micro
GPR65,Micro
ALPK2,Micro
OTUD1,Micro
SP140,Micro
IGSF10,Micro
NANOGP4,Micro
AC074289.1,Micro
STK4,Micro
RASSF5,Micro
SP140L,Micro
B4GALT1,Micro
LRRFIP1,Micro
CD28,Micro
IFNGR2,Micro
VAV1,Micro
EIF2AK3,Micro
LINC-PINT,Micro
AAED1,Micro
C5AR2,Micro
DKC1,Micro
TLR10,Micro
ZMYND15,Micro
RP11-53B2.1,Micro
RP5-1033H22.2,Micro
OGFRL1,Micro
LINC00152,Micro
TGFBI,Micro
CH17-118O6.4,Micro
CITED2,Micro
RP11-876N24.3,Micro
AC092652.1,Micro
MS4A6A,Micro
RP11-81A22.4,Micro
ADPGK,Micro
CSF2RB,Micro
RP11-274J7.3,Micro
EIF4A3,Micro
RP11-318K15.2,Micro
SYNPO2L,Micro
RP11-289H16.1,Micro
MIR5690,Micro
GHRLOS,Micro
ZNF267,Micro
ATF6,Micro
UBASH3B,Micro
SPRED1,Micro
MIR222HG,Micro
TLR8,Micro
MB21D1,Micro
ABL2,Micro
RP11-467H10.2,Micro
HAMP,Micro
LPL,Micro
CFLAR-AS1,Micro
3-Mar,Micro
RP11-165F24.3,Micro
AC013286.1,Micro
F13A1,Micro
AC008703.1,Micro
CDC42EP3,Micro
ARL5A,Micro
MYO7A,Micro
RP11-53B2.6,Micro
C9ORF66,Micro
STK10,Micro
RP11-107E5.3,Micro
RP11-187O7.1,Micro
RP11-325F22.2,Micro
RP11-750I4.2,Micro
FHOD1,Micro
RP11-946L16.2,Micro
CTC-436P18.3,Micro
AC007879.5,Micro
SERPINB9P1,Micro
APAF1,Micro
EMR4P,Micro
FAIM3,Micro
RP11-12A2.1,Micro
AC010733.5,Micro
TMED5,Micro
CLEC9A,Micro
ISG20L2,Micro
RNU6-151P,Micro
RP11-76E17.3,Micro
NFAM1,Micro
NCF4,Micro
ARRDC3,Micro
PLD4,Micro
LINC01091,Micro
ANKRD44-IT1,Micro
MASTL,Micro
RP11-317B3.2,Micro
RP5-1011O1.3,Micro
VASH1,Micro
RP11-53B2.4,Micro
KIAA0226L,Micro
NAP1L4P1,Micro
SUMO4,Micro
SWAP70,Micro
BACH1-IT2,Micro
LY96,Micro
EHD4-AS1,Micro
SIGLEC14,Micro
RNU6-892P,Micro
DOCK11,Micro
FRRS1,Micro
MIR221,Micro
H2AFY,Micro
RNU6-1280P,Micro
LINC01059,Micro
RP11-128B16.3,Micro
CTB-41I6.1,Micro
HEXB,Micro
RP11-61F12.1,Micro
CTD-2165H16.3,Micro
DEF6,Micro
TNFRSF12A,Micro
TNFRSF1B,Micro
DDX21,Micro
AC009505.2,Micro
CD164,Micro
MARK2P8,Micro
RAB20,Micro
POPDC2,Micro
COL8A2,Micro
CYCSP1,Micro
RP11-177H13.2,Micro
FMNL3,Micro
SASH3,Micro
GYPC,Micro
RP11-342M21.2,Micro
SPN,Micro
CD300LF,Micro
CREG1,Micro
CCDC147-AS1,Micro
STAMBPL1,Micro
CBWD2,Micro
SPATA13,Micro
C1ORF132,Micro
CTD-3247F14.2,Micro
FAM46A,Micro
ITM2B,Micro
IFNE,Micro
ZNF655,Micro
ARPC3,Micro
RP11-162J8.2,Micro
NFATC2,Micro
LIPM,Micro
NPM1P25,Micro
SIRPB1,Micro
TMEM156,Micro
USP6,Micro
RP11-705C15.3,Micro
RP1-225E12.2,Micro
NPC2,Micro
RN7SL288P,Micro
M6PR,Micro
CHD1,Micro
AC098614.2,Micro
MIR646HG,Micro
ELMO1-AS1,Micro
KDM6B,Micro
LINC01136,Micro
MYO9B,Micro
DUSP8P5,Micro
MFSD1,Micro
NCOA3,Micro
TET2,Micro
NRBF2,Micro
PLBD1,Micro
RP11-13N12.1,Micro
ADAM9,Micro
PSMA1,Micro
RP11-10L12.2,Micro
HAUS8,Micro
RP11-345I18.1,Micro
TREML1,Micro
GNAI3,Micro
ARHGAP30,Micro
PARP4,Micro
HCAR2,Micro
NR4A2,Micro
RNA5SP237,Micro
NUFIP2,Micro
STAB1,Micro
VNN1,Micro
SPI1,Micro
ANXA5,Micro
CTB-41I6.2,Micro
RPS20P15,Micro
SLC37A2,Micro
SRGAP1,Micro
SMLR1,Micro
LINC00854,Micro
RP11-712P20.2,Micro
RP11-53B2.5,Micro
RP11-583F2.5,Micro
ATP5J2P6,Micro
RP11-126O1.5,Micro
HMGB3P4,Micro
MIR4420,Micro
DUSP2,Micro
RP11-34E5.4,Micro
RP11-492I2.1,Micro
ATF7IP2,Micro
RP11-631M6.2,Micro
MAPKAPK2,Micro
RILPL2,Micro
PELI1,Micro
ALOX5,Micro
RP11-244M2.1,Micro
WDR1,Micro
AK3P5,Micro
CPED1,Micro
LRRK1,Micro
RP11-652L8.4,Micro
RN7SL368P,Micro
C4ORF45,Micro
LINC01366,Micro
HMHA1,Micro
TNF,Micro
RC3H1,Micro
GPR132,Micro
APOBEC3C,Micro
DNAJC2,Micro
STK17B,Micro
IL1RL2,Micro
C20ORF197,Micro
LINC00852,Micro
KCNK13,Micro
ITGB3,Micro
DNAJC10,Micro
SDCBP,Micro
CTD-2270F17.1,Micro
RP11-1024P17.1,Micro
NAA20,Micro
RP11-170L3.2,Micro
ALOX15B,Micro
ENC1,Neuro-Ex
CNTNAP2,Neuro-Ex
PTPRD,Neuro-Ex
RORB,Neuro-Ex
NRGN,Neuro-Ex
LRRC4C,Neuro-Ex
TUBA1B,Neuro-Ex
TMSB10,Neuro-Ex
CTNNA2,Neuro-Ex
IFNG-AS1,Neuro-Ex
SEMA3E,Neuro-Ex
KCNIP4,Neuro-Ex
MEG3,Neuro-Ex
NRCAM1,Neuro-Ex
KCNQ5,Neuro-Ex
AC011288.2,Neuro-Ex
PLCB1,Neuro-Ex
OLFM1,Neuro-Ex
SNAP25,Neuro-Ex
NTNG1,Neuro-Ex
UCHL1,Neuro-Ex
IL1RAPL2,Neuro-Ex
SYT1,Neuro-Ex
ASIC2,Neuro-Ex
POSTN,Neuro-Ex
R3HDM1,Neuro-Ex
CHN11,Neuro-Ex
MLIP,Neuro-Ex
TESPA1,Neuro-Ex
COL5A2,Neuro-Ex
FAM19A1,Neuro-Ex
CHN1,Neuro-Ex
NEFL,Neuro-Ex
TENM2,Neuro-Ex
DCC,Neuro-Ex
CLSTN2,Neuro-Ex
NPSR1-AS1,Neuro-Ex
KIAA1217,Neuro-Ex
RGS12,Neuro-Ex
FBXW7,Neuro-Ex
RIMS21,Neuro-Ex
PHACTR1,Neuro-Ex
RP11-314P15.2,Neuro-Ex
DPP10,Neuro-Ex
IQCJ-SCHIP1,Neuro-Ex
POU6F2,Neuro-Ex
MAP1B,Neuro-Ex
SLC22A10,Neuro-Ex
CTC-340A15.2,Neuro-Ex
RXFP1,Neuro-Ex
TSHZ2,Neuro-Ex
MCTP2,Neuro-Ex
GAP43,Neuro-Ex
R3HDM11,Neuro-Ex
CELF2,Neuro-Ex
LRRTM4,Neuro-Ex
CSMD1,Neuro-Ex
YWHAG,Neuro-Ex
TMSB4X,Neuro-Ex
RP11-475O6.1,Neuro-Ex
RP11-420N3.3,Neuro-Ex
LRP1B,Neuro-Ex
NRG1,Neuro-Ex
NRGN1,Neuro-Ex
LDB2,Neuro-Ex
LINC01378,Neuro-Ex
AJ006998.2,Neuro-Ex
GABRG3,Neuro-Ex
SCHLAP1,Neuro-Ex
CPNE4,Neuro-Ex
ROBO3,Neuro-Ex
SORBS2,Neuro-Ex
CABP1,Neuro-Ex
FBXW71,Neuro-Ex
DLGAP2,Neuro-Ex
PDZD2,Neuro-Ex
ATRNL1,Neuro-Ex
RP11-767I20.1,Neuro-Ex
VSNL1,Neuro-Ex
SNTG1,Neuro-Ex
CTC-535M15.2,Neuro-Ex
PDZRN4,Neuro-Ex
MDGA2,Neuro-Ex
KCTD16,Neuro-Ex
PRKCB1,Neuro-Ex
RYR2,Neuro-Ex
PTPRT,Neuro-Ex
NEFM,Neuro-Ex
FOXP2,Neuro-Ex
LRRK1,Neuro-Ex
ITGA8,Neuro-Ex
EGFEM1P,Neuro-Ex
ERC2,Neuro-Ex
ARPP211,Neuro-Ex
STXBP5L,Neuro-Ex
HS6ST3,Neuro-Ex
LINGO2,Neuro-Ex
PDP1,Neuro-Ex
NCDN,Neuro-Ex
PLEKHH2,Neuro-Ex
CCK,Neuro-Ex
LMO4,Neuro-Ex
HS3ST4,Neuro-Ex
AC114765.1,Neuro-Ex
ZNF385D,Neuro-Ex
ROBO2,Neuro-Ex
NTNG2,Neuro-Ex
ARPP21,Neuro-Ex
LINC009661,Neuro-Ex
KALRN,Neuro-Ex
LINC00507,Neuro-Ex
ATP2B2,Neuro-Ex
CALM1,Neuro-Ex
TOX,Neuro-Ex
PDE4D,Neuro-Ex
DLC1,Neuro-Ex
FRAS1,Neuro-Ex
DGCR5,Neuro-Ex
MEF2C1,Neuro-Ex
AL596451.1,Neuro-Ex
LINC01250,Neuro-Ex
KHDRBS2,Neuro-Ex
PHACTR2,Neuro-Ex
SLC17A7,Neuro-Ex
PCP4,Neuro-Ex
SLC8A1,Neuro-Ex
LSAMP,Neuro-Ex
EVL1,Neuro-Ex
DGKB,Neuro-Ex
UNC5D,Neuro-Ex
CALM3,Neuro-Ex
ARPP19,Neuro-Ex
IPCEF1,Neuro-Ex
CRYM,Neuro-Ex
RALYL,Neuro-Ex
RP11-384F7.2,Neuro-Ex
PRKCB,Neuro-Ex
KALRN1,Neuro-Ex
MIR137HG,Neuro-Ex
RP11-191L9.4,Neuro-Ex
ST6GALNAC5,Neuro-Ex
RP11-594C13.1,Neuro-Ex
FAM19A2,Neuro-Ex
CNTNAP5,Neuro-Ex
RTN1,Neuro-Ex
CADPS2,Neuro-Ex
TMEM155,Neuro-Ex
RIMS2,Neuro-Ex
MIAT1,Neuro-Ex
AC067956.1,Neuro-Ex
HPCAL1,Neuro-Ex
SLC38A11,Neuro-Ex
THY1,Neuro-Ex
RORA,Neuro-Ex
YWHAH,Neuro-Ex
HS3ST2,Neuro-Ex
TLE4,Neuro-Ex
CADPS,Neuro-Ex
MEF2C,Neuro-Ex
LINC006321,Neuro-Ex
LRFN5,Neuro-Ex
CNTN5,Neuro-Ex
PEBP1,Neuro-Ex
LHFPL3,Neuro-Ex
GALNT14,Neuro-Ex
LINC00966,Neuro-Ex
DPY19L2P1,Neuro-Ex
GRM7,Neuro-Ex
ATP1B1,Neuro-Ex
FTH1,Neuro-Ex
OPCML,Neuro-Ex
KCNT2,Neuro-Ex
ATP2B1,Neuro-Ex
CELF21,Neuro-Ex
FAM153B,Neuro-Ex
RGS6,Neuro-Ex
ADGRB3,Neuro-Ex
NRG3,Neuro-Ex
TRPC3,Neuro-Ex
SEMA5B,Neuro-Ex
THEMIS,Neuro-Ex
TRIM9,Neuro-Ex
ROCK21,Neuro-Ex
AC019211.1,Neuro-Ex
NGEF,Neuro-Ex
CHGA,Neuro-Ex
TSPAN7,Neuro-Ex
ADAMTS17,Neuro-Ex
GRM8,Neuro-Ex
RYR3,Neuro-Ex
EPHB6,Neuro-Ex
NIN,Neuro-Ex
LY86-AS1,Neuro-Ex
AGBL4,Neuro-Ex
RGS4,Neuro-Ex
BRINP3,Neuro-Ex
DIRAS2,Neuro-Ex
AHI1,Neuro-Ex
GAP431,Neuro-Ex
SATB2,Neuro-Ex
CHRM3,Neuro-Ex
LINC00657,Neuro-Ex
TRHDE,Neuro-Ex
NWD2,Neuro-Ex
GRIA2,Neuro-Ex
PWAR61,Neuro-Ex
FAM153C,Neuro-Ex
PTPRK,Neuro-Ex
NPTN,Neuro-Ex
CSMD2,Neuro-Ex
SORCS2,Neuro-Ex
MCTP1,Neuro-Ex
TMEM132D,Neuro-Ex
BDP1,Neuro-Ex
NECAB11,Neuro-Ex
AL117329.1,Neuro-Ex
BASP1,Neuro-Ex
CUX1,Neuro-Ex
BEX1,Neuro-Ex
KHDRBS3,Neuro-Ex
KCNH7,Neuro-Ex
OLFM3,Neuro-Ex
HPSE2,Neuro-Ex
PCLO,Neuro-Ex
SCN2A1,Neuro-Ex
FSTL4,Neuro-Ex
ADGRL2,Neuro-Ex
RGS7,Neuro-Ex
CUX2,Neuro-Ex
CAMK2A,Neuro-Ex
TSPYL1,Neuro-Ex
FAM189A1,Neuro-Ex
TUBB2A,Neuro-Ex
NR4A2,Neuro-Ex
ANKRD321,Neuro-Ex
ENO2,Neuro-Ex
VAV3,Neuro-Ex
PRNP,Neuro-Ex
RARB,Neuro-Ex
NCALD,Neuro-Ex
PEX5L,Neuro-Ex
PRR16,Neuro-Ex
RP11-586K2.1,Neuro-Ex
UNC80,Neuro-Ex
PLEKHA11,Neuro-Ex
CAMK2N1,Neuro-Ex
DLG2,Neuro-Ex
CKB,Neuro-Ex
NLGN1,Neuro-Ex
GAPDH,Neuro-Ex
TENM4,Neuro-Ex
SNHG14,Neuro-Ex
LINC005991,Neuro-Ex
CHRM3-AS2,Neuro-Ex
KCNB2,Neuro-Ex
HS6ST2,Neuro-Ex
TUBA1A,Neuro-Ex
GRIP1,Neuro-Ex
TMEFF2,Neuro-Ex
GNG2,Neuro-Ex
UNC801,Neuro-Ex
PTPRR,Neuro-Ex
STMN1,Neuro-Ex
ATP1A1,Neuro-Ex
TLL1,Neuro-Ex
SLC35F1,Neuro-Ex
SOX5,Neuro-Ex
LL22NC03-2H8.5,Neuro-Ex
TRIM91,Neuro-Ex
GLIS3,Neuro-Ex
APP,Neuro-Ex
HTR2A,Neuro-Ex
NGFRAP1,Neuro-Ex
MSC-AS1,Neuro-Ex
EPHA3,Neuro-Ex
KCNIP1,Neuro-Ex
ATP8B1,Neuro-Ex
SCN2A,Neuro-Ex
PIK3R11,Neuro-Ex
SERPINE2,Neuro-Ex
PRKG1,Neuro-Ex
HSP90AA1,Neuro-Ex
FGFR1,Neuro-Ex
SLIT1,Neuro-Ex
SEMA6D,Neuro-Ex
PIK3R1,Neuro-Ex
EPHB61,Neuro-Ex
,Neuro-Ex
CACNG3,Neuro-Ex
LAMA2,Neuro-Ex
HSP90AB1,Neuro-Ex
ALDOA,Neuro-Ex
TRPM3,Neuro-Ex
SYNPR,Neuro-Ex
LINC00632,Neuro-Ex
PLEKHA51,Neuro-Ex
SPARCL1,Neuro-Ex
PLAGL1,Neuro-Ex
SEPW1,Neuro-Ex
CHRM2,Neuro-Ex
SYTL2,Neuro-Ex
FAM153B1,Neuro-Ex
PCDH7,Neuro-Ex
MAST4,Neuro-Ex
RTN3,Neuro-Ex
SYNPO2,Neuro-Ex
TTC3,Neuro-Ex
CKMT1B1,Neuro-Ex
EYA4,Neuro-Ex
PDE1C,Neuro-Ex
ZNF804B,Neuro-Ex
LUZP2,Neuro-Ex
NECAB1,Neuro-Ex
DLGAP21,Neuro-Ex
RBFOX1,Neuro-Ex
SCN1B,Neuro-Ex
CREG2,Neuro-Ex
SORCS1,Neuro-Ex
CCSER1,Neuro-Ex
ANKRD20A5P,Neuro-Ex
RIT2,Neuro-Ex
GRIA31,Neuro-Ex
GRIN2A,Neuro-Ex
CDK14,Neuro-Ex
NKAIN2,Neuro-Ex
BCL11B,Neuro-Ex
CDH12,Neuro-Ex
MAN1A2,Neuro-Ex
SYT11,Neuro-Ex
CLSTN1,Neuro-Ex
GHR,Neuro-Ex
CKMT1B,Neuro-Ex
MEG31,Neuro-Ex
MGAT4C,Neuro-Ex
BRINP1,Neuro-Ex
SLC2A13,Neuro-Ex
DYNLL1,Neuro-Ex
SLC44A5,Neuro-Ex
KIAA1456,Neuro-Ex
PDE1A,Neuro-Ex
MPHOSPH8,Neuro-Ex
DGCR51,Neuro-Ex
ERICH1-AS1,Neuro-Ex
FMN1,Neuro-Ex
EIF4A2,Neuro-Ex
KCNH5,Neuro-Ex
PLEKHA5,Neuro-Ex
BDP11,Neuro-Ex
LINC01122,Neuro-Ex
STMN2,Neuro-Ex
NELL2,Neuro-Ex
ENC11,Neuro-Ex
NSF,Neuro-Ex
ZNF385B,Neuro-Ex
ACTG1,Neuro-Ex
SV2B,Neuro-Ex
CDH8,Neuro-Ex
SYP,Neuro-Ex
ATP2B11,Neuro-Ex
ANO3,Neuro-Ex
RTN4,Neuro-Ex
SPON1,Neuro-Ex
RP1-34H18.1,Neuro-Ex
DAB1,Neuro-Ex
FRMPD4,Neuro-Ex
MAGI3,Neuro-Ex
CHD5,Neuro-Ex
SRRM31,Neuro-Ex
CNTN3,Neuro-Ex
THSD7A,Neuro-Ex
NDUFA4,Neuro-Ex
PCDH9,Neuro-Ex
RYR21,Neuro-Ex
FLRT2,Neuro-Ex
PSAP,Neuro-Ex
MTCH1,Neuro-Ex
DSCAM,Neuro-Ex
COL11A1,Neuro-Ex
EPHA5,Neuro-Ex
PCSK2,Neuro-Ex
LINC00599,Neuro-Ex
MPHOSPH81,Neuro-Ex
AC007563.5,Neuro-Ex
GABRA1,Neuro-Ex
RAB3B,Neuro-Ex
TESC,Neuro-Ex
SCN3A,Neuro-Ex
MAP21,Neuro-Ex
TSC22D1,Neuro-Ex
YWHAB,Neuro-Ex
HSPA8,Neuro-Ex
STX1A,Neuro-Ex
SLC24A2,Neuro-Ex
GRIK3,Neuro-Ex
TRPC5,Neuro-Ex
SYT7,Neuro-Ex
AHI11,Neuro-Ex
NDST3,Neuro-Ex
UBB,Neuro-Ex
RHOBTB2,Neuro-Ex
ELAVL4,Neuro-Ex
PART1,Neuro-Ex
MYRIP,Neuro-Ex
GRIA21,Neuro-Ex
MAST3,Neuro-Ex
GNAS,Neuro-Ex
RP11-32K4.1,Neuro-Ex
AK5,Neuro-Ex
TTC31,Neuro-Ex
CAMKK1,Neuro-Ex
PGK1,Neuro-Ex
ILDR2,Neuro-Ex
SLC35F3,Neuro-Ex
SPOCK1,Neuro-Ex
PLEKHA1,Neuro-Ex
SNHG141,Neuro-Ex
MKL2,Neuro-Ex
CACNA2D3,Neuro-Ex
PPP3CA,Neuro-Ex
PPIA,Neuro-Ex
LRRC7,Neuro-Ex
VWC2L,Neuro-Ex
DACH1,Neuro-Ex
GPC6,Neuro-Ex
DMTN,Neuro-Ex
RAB6B,Neuro-Ex
CHSY3,Neuro-Ex
MAPK10,Neuro-Ex
FAM155A,Neuro-Ex
CPNE5,Neuro-Ex
11-Sep,Neuro-Ex
HOMER1,Neuro-Ex
CA10,Neuro-Ex
PHYHIP,Neuro-Ex
SCN3B,Neuro-Ex
EPHA4,Neuro-Ex
KCNC2,Neuro-Ex
DNAH6,Neuro-Ex
DPY19L1,Neuro-Ex
PPFIBP1,Neuro-Ex
CAMKK2,Neuro-Ex
DLGAP1-AS4,Neuro-Ex
CCNI,Neuro-Ex
RP11-30J20.1,Neuro-Ex
NUAK1,Neuro-Ex
SORCS3,Neuro-Ex
DMD,Neuro-Ex
EVL,Neuro-Ex
KIAA1211L,Neuro-Ex
CLMN,Neuro-Ex
COL24A1,Neuro-Ex
ARNTL2,Neuro-Ex
NRXN1,Neuro-Ex
NEGR1,Neuro-Ex
TMEM178B,Neuro-Ex
PDE3A,Neuro-Ex
TARBP1,Neuro-Ex
DCLK1,Neuro-Ex
UNC13C,Neuro-Ex
NAPB,Neuro-Ex
NELL1,Neuro-Ex
ITGB8,Neuro-Ex
NRCAM,Neuro-Ex
KCTD1,Neuro-Ex
PARM1,Neuro-Ex
FZD3,Neuro-Ex
BAIAP2,Neuro-Ex
YWHAZ,Neuro-Ex
NREP,Neuro-Ex
GRIN3A,Neuro-Ex
LAMA4,Neuro-Ex
PAK1,Neuro-Ex
SULT4A1,Neuro-Ex
MYO16,Neuro-Ex
TUBA4A,Neuro-Ex
TENM3,Neuro-Ex
HECW1,Neuro-Ex
TPI1,Neuro-Ex
STXBP1,Neuro-Ex
GSG1L,Neuro-Ex
THRB,Neuro-Ex
ANKS1B,Neuro-Ex
KCNH8,Neuro-Ex
RASGEF1C,Neuro-Ex
SATB1,Neuro-Ex
CDH20,Neuro-Ex
NDRG4,Neuro-Ex
ZNF804A,Neuro-Ex
CAMKV,Neuro-Ex
RIMS3,Neuro-Ex
KLC1,Neuro-Ex
ALOX12P2,Neuro-Ex
RPL31,Neuro-Ex
MAGI2,Neuro-Ex
PRKAR1B,Neuro-Ex
BCL11A,Neuro-Ex
NPTX1,Neuro-Ex
RASGRP1,Neuro-Ex
SRRM3,Neuro-Ex
SHISA9,Neuro-Ex
TAGLN3,Neuro-Ex
CAMK2D,Neuro-Ex
CDH13,Neuro-Ex
GOLGA8A,Neuro-Ex
PDE7B,Neuro-Ex
ARHGAP26,Neuro-Ex
SKP1,Neuro-Ex
MDH1,Neuro-Ex
FOXP1,Neuro-Ex
ENPP7P4,Neuro-Ex
KCNMA1,Neuro-Ex
NRN1,Neuro-Ex
XKR4,Neuro-Ex
CBLN2,Neuro-Ex
SRRM4,Neuro-Ex
SYN3,Neuro-Ex
OIP5-AS1,Neuro-Ex
SCG5,Neuro-Ex
CCDC136,Neuro-Ex
ATP6V1B2,Neuro-Ex
TSHZ3,Neuro-Ex
MEIS2,Neuro-Ex
CSGALNACT1,Neuro-Ex
CFL1,Neuro-Ex
GRIK4,Neuro-Ex
REEP5,Neuro-Ex
CDH10,Neuro-Ex
HS3ST5,Neuro-Ex
RALGPS2,Neuro-Ex
ARAP2,Neuro-Ex
MAP2,Neuro-Ex
ITPR1,Neuro-Ex
PCSK1,Neuro-Ex
PREPL,Neuro-Ex
CTNND1,Neuro-Ex
HINT1,Neuro-Ex
ALCAM,Neuro-Ex
UNC5C,Neuro-Ex
RFTN1,Neuro-Ex
SERPINI1,Neuro-Ex
ADAMTS19,Neuro-Ex
PLD5,Neuro-Ex
PWAR6,Neuro-Ex
MEF2A,Neuro-Ex
CLU,Neuro-Ex
PCDH11X,Neuro-Ex
SETBP1,Neuro-Ex
1-Mar,Neuro-Ex
TCEAL2,Neuro-Ex
GABRB2,Neuro-Ex
EFNA5,Neuro-Ex
ANKRD32,Neuro-Ex
AQP4-AS1,Neuro-Ex
CAP2,Neuro-Ex
TCEB2,Neuro-Ex
KCNQ3,Neuro-Ex
GRIA3,Neuro-Ex
SIPA1L1,Neuro-Ex
GDA,Neuro-Ex
SYN2,Neuro-Ex
GNAO1,Neuro-Ex
FRMD4A,Neuro-Ex
ADCY2,Neuro-Ex
PRKAG2,Neuro-Ex
RP11-739G5.1,Neuro-Ex
KCNH3,Neuro-Ex
ATP2A2,Neuro-Ex
BEX2,Neuro-Ex
MMP16,Neuro-Ex
SPTBN4,Neuro-Ex
WBP2,Neuro-Ex
TMEM59L,Neuro-Ex
SUSD4,Neuro-Ex
VPS13A,Neuro-Ex
PVRL3,Neuro-Ex
SCN1A,Neuro-Ex
NAT8L,Neuro-Ex
INPP4B,Neuro-Ex
RANBP17,Neuro-Ex
MAP2K1,Neuro-Ex
LARP1B,Neuro-Ex
CDH22,Neuro-Ex
MAP1A,Neuro-Ex
UBC,Neuro-Ex
PCDH17,Neuro-Ex
CACNA1B,Neuro-Ex
MYT1L,Neuro-Ex
FOCAD,Neuro-Ex
PLCXD3,Neuro-Ex
MGLL,Neuro-Ex
CSMD3,Neuro-Ex
ROCK2,Neuro-Ex
CDH9,Neuro-Ex
FAT3,Neuro-Ex
ATP6V1E1,Neuro-Ex
KCNMB4,Neuro-Ex
DSCAML1,Neuro-Ex
SRSF11,Neuro-Ex
EPB41L2,Neuro-Ex
GABRB1,Neuro-Ex
HIVEP2,Neuro-Ex
KCTD8,Neuro-Ex
MCHR2,Neuro-Ex
GULP1,Neuro-Ex
RAPGEF5,Neuro-Ex
ITPK1,Neuro-Ex
GRM5,Neuro-Ex
RASGRF2,Neuro-Ex
KCNH1,Neuro-Ex
PCDH11Y,Neuro-Ex
UNC13A,Neuro-Ex
BICC1,Neuro-Ex
INA,Neuro-Ex
GHITM,Neuro-Ex
NCAM2,Neuro-Ex
STXBP6,Neuro-Ex
MGAT5,Neuro-Ex
FRRS1L,Neuro-Ex
LRRK2,Neuro-Ex
GABARAPL1,Neuro-Ex
LARGE,Neuro-Ex
LMO7,Neuro-Ex
SEZ6L,Neuro-Ex
CAMK1D,Neuro-Ex
LRRC28,Neuro-Ex
ARF1,Neuro-Ex
DGKG,Neuro-Ex
SYNGR1,Neuro-Ex
SNCA,Neuro-Ex
GRM3,Neuro-Ex
PAK7,Neuro-Ex
DLGAP1,Neuro-Ex
RAB3A,Neuro-Ex
MTUS2,Neuro-Ex
SARAF,Neuro-Ex
NETO1,Neuro-Ex
LRRTM3,Neuro-Ex
TANC2,Neuro-Ex
CACNA1E,Neuro-Ex
WASF1,Neuro-Ex
RBMS1,Neuro-Ex
SRP14,Neuro-Ex
AFF3,Neuro-Ex
DGKI,Neuro-Ex
CELF4,Neuro-Ex
NDFIP1,Neuro-Ex
EXTL2,Neuro-Ex
CORO6,Neuro-Ex
CELF5,Neuro-Ex
MIAT,Neuro-Ex
RFX3,Neuro-Ex
SGCD,Neuro-Ex
CAMK2G,Neuro-Ex
IDS,Neuro-Ex
RAP1GAP2,Neuro-Ex
KCNB1,Neuro-Ex
C1orf115,Neuro-Ex
HSPH1,Neuro-Ex
UBE2E3,Neuro-Ex
FARP1,Neuro-Ex
CACNA1C,Neuro-Ex
DIAPH2,Neuro-Ex
PNMA2,Neuro-Ex
PTCHD4,Neuro-Ex
TOLLIP,Neuro-Ex
GRIA1,Neuro-Ex
UST,Neuro-Ex
CAMK2B,Neuro-Ex
PRMT8,Neuro-Ex
PTPN13,Neuro-Ex
SLC6A7,Neuro-Ex
CPLX2,Neuro-Ex
ARL4C,Neuro-Ex
ACTB,Neuro-Ex
TRPM2,Neuro-Ex
MOAP1,Neuro-Ex
KIAA0319,Neuro-Ex
SLC39A11,Neuro-Ex
ADCY1,Neuro-Ex
RNF11,Neuro-Ex
GDI1,Neuro-Ex
PRKD1,Neuro-Ex
ZFPM2,Neuro-Ex
RPL23,Neuro-Ex
ETS2,Neuro-Ex
NYAP2,Neuro-Ex
NFIB,Neuro-Ex
GABRD,Neuro-Ex
RPH3A,Neuro-Ex
PLCH1,Neuro-Ex
PLXNA4,Neuro-Ex
NTRK3,Neuro-Ex
DOCK4,Neuro-Ex
PPFIA2,Neuro-Ex
SYNJ2,Neuro-Ex
PDE8B,Neuro-Ex
PKM,Neuro-Ex
EML6,Neuro-Ex
NLK,Neuro-Ex
HDAC9,Neuro-Ex
DYNLL2,Neuro-Ex
VPS41,Neuro-Ex
GABRB3,Neuro-Ex
AC091878.1,Neuro-Ex
LRFN2,Neuro-Ex
GRIA4,Neuro-Ex
FAIM2,Neuro-Ex
SLC38A1,Neuro-Ex
COX4I1,Neuro-Ex
DIP2A,Neuro-Ex
C8orf34,Neuro-Ex
CTSB,Neuro-Ex
RAP1GAP,Neuro-Ex
RPS18,Neuro-Ex
SYN1,Neuro-Ex
KLHL5,Neuro-Ex
XYLT1,Neuro-Ex
SLC12A5,Neuro-Ex
SLC6A17,Neuro-Ex
OXR1,Neuro-Ex
BACH2,Neuro-Ex
SERINC3,Neuro-Ex
PAM,Neuro-Ex
TMEM130,Neuro-Ex
SORL1,Neuro-Ex
MLLT4,Neuro-Ex
KCNA2,Neuro-Ex
RUNDC3A,Neuro-Ex
SH3RF3,Neuro-Ex
SLC39A10,Neuro-Ex
EGR1,Neuro-Ex
LIN7A,Neuro-Ex
RPL21,Neuro-Ex
STRBP,Neuro-Ex
NDFIP2,Neuro-Ex
TMEM132B,Neuro-Ex
PJA2,Neuro-Ex
SERINC1,Neuro-Ex
ATP5A1,Neuro-Ex
SMPD3,Neuro-Ex
GABARAPL2,Neuro-Ex
RPS4X,Neuro-Ex
CERS6,Neuro-Ex
SLC30A3,Neuro-Ex
DNM1,Neuro-Ex
ITM2C,Neuro-Ex
SLIT3,Neuro-Ex
TMEM232,Neuro-Ex
RASAL2,Neuro-Ex
PDE10A,Neuro-Ex
DKK3,Neuro-Ex
ADAM23,Neuro-Ex
PTK2B,Neuro-Ex
SCAI,Neuro-Ex
NAP1L2,Neuro-Ex
CDK5R1,Neuro-Ex
PRICKLE1,Neuro-Ex
GUCY1A2,Neuro-Ex
ATP5B,Neuro-Ex
BEX4,Neuro-Ex
CACNA2D1,Neuro-Ex
USP11,Neuro-Ex
GCC2,Neuro-Ex
ZNF704,Neuro-Ex
GARNL3,Neuro-Ex
DGKH,Neuro-Ex
TSPYL4,Neuro-Ex
GUK1,Neuro-Ex
DCAF6,Neuro-Ex
FBXL2,Neuro-Ex
HTR1E,Neuro-Ex
TMEM178A,Neuro-Ex
ATPIF1,Neuro-Ex
PGM2L1,Neuro-Ex
RPL37A,Neuro-Ex
NRSN1,Neuro-Ex
CDKL5,Neuro-Ex
CAMTA1,Neuro-Ex
UQCRH,Neuro-Ex
C11orf87,Neuro-Ex
SDK1,Neuro-Ex
PPM1L,Neuro-Ex
C16orf45,Neuro-Ex
RAPGEF4,Neuro-Ex
KIF5A,Neuro-Ex
PTPRO,Neuro-Ex
SOD1,Neuro-Ex
CNKSR2,Neuro-Ex
RPS14,Neuro-Ex
SORBS1,Neuro-Ex
OSBP2,Neuro-Ex
SH3GL2,Neuro-Ex
AC074363.1,Neuro-Ex
PTPRN2,Neuro-Ex
KIRREL3,Neuro-Ex
LMO3,Neuro-Ex
MICAL2,Neuro-Ex
CCDC3,Neuro-Ex
TMEM30A,Neuro-Ex
ZMAT4,Neuro-Ex
ARHGAP32,Neuro-Ex
GRIN1,Neuro-Ex
ITPR2,Neuro-Ex
USMG5,Neuro-Ex
CTNNB1,Neuro-Ex
CEMIP,Neuro-Ex
SLC24A3,Neuro-Ex
NIPAL2,Neuro-Ex
NDUFA1,Neuro-Ex
GNG7,Neuro-Ex
SLIT2,Neuro-Ex
ASTN2,Neuro-Ex
CACNB4,Neuro-Ex
CNRIP1,Neuro-Ex
FAM134B,Neuro-Ex
RPL15,Neuro-Ex
PRICKLE2,Neuro-Ex
GLS,Neuro-Ex
RPS27,Neuro-Ex
COX7C,Neuro-Ex
FGF12,Neuro-Ex
SLC25A3,Neuro-Ex
LINC01322,Neuro-Ex
SSBP3,Neuro-Ex
ABCC8,Neuro-Ex
CHL1,Neuro-Ex
COX6C,Neuro-Ex
ENOX1,Neuro-Ex
GRIN2B,Neuro-Ex
DOK6,Neuro-Ex
ARL15,Neuro-Ex
RCAN2,Neuro-Ex
NAV3,Neuro-Ex
NUCKS1,Neuro-Ex
LINGO1,Neuro-Ex
SHC3,Neuro-Ex
AES,Neuro-Ex
CACNA1A,Neuro-Ex
STXBP5-AS1,Neuro-Ex
SSX2IP,Neuro-Ex
MAPK1,Neuro-Ex
ZNF365,Neuro-Ex
HERC1,Neuro-Ex
RPS12,Neuro-Ex
NAP1L1,Neuro-Ex
DSTN,Neuro-Ex
NAP1L3,Neuro-Ex
NBEA,Neuro-Ex
PDZRN3,Neuro-Ex
ASAP1,Neuro-Ex
PTEN,Neuro-Ex
PCMT1,Neuro-Ex
CA11,Neuro-Ex
CDC14B,Neuro-Ex
BTBD9,Neuro-Ex
YPEL3,Neuro-Ex
PBX1,Neuro-Ex
EPHA6,Neuro-Ex
PPP2R2C,Neuro-Ex
KIAA1109,Neuro-Ex
APLP1,Neuro-Ex
DGKZ,Neuro-Ex
DPYSL2,Neuro-Ex
SIRPA,Neuro-Ex
KIAA1549L,Neuro-Ex
XKR6,Neuro-Ex
STXBP5,Neuro-Ex
RPL13A,Neuro-Ex
RAC1,Neuro-Ex
DLGAP4,Neuro-Ex
CTDSPL,Neuro-Ex
TPPP,Neuro-Ex
ATP5E,Neuro-Ex
MAP3K5,Neuro-Ex
BMPER,Neuro-Ex
DYNC1I1,Neuro-Ex
MAN1A1,Neuro-Ex
TMEM160,Neuro-Ex
PAK3,Neuro-Ex
KIF5C,Neuro-Ex
SPATS2,Neuro-Ex
TOMM20,Neuro-Ex
NTRK2,Neuro-Ex
COX5B,Neuro-Ex
CACNG8,Neuro-Ex
CLCN4,Neuro-Ex
MCF2L2,Neuro-Ex
PRKAR1A,Neuro-Ex
GNAL,Neuro-Ex
TMEM108,Neuro-Ex
BRINP2,Neuro-Ex
MTATP6P1,Neuro-Ex
TTC39C,Neuro-Ex
PACSIN1,Neuro-Ex
SLC4A10,Neuro-Ex
CNTN4,Neuro-Ex
LINC-PINT,Neuro-Ex
C14orf2,Neuro-Ex
GPR158,Neuro-Ex
CDH2,Neuro-Ex
RUNDC3B,Neuro-Ex
PTPRG,Neuro-Ex
NR2F1-AS1,Neuro-Ex
AC005592.2,Neuro-Ex
KIAA1107,Neuro-Ex
NDUFB2,Neuro-Ex
ST8SIA1,Neuro-Ex
PID1,Neuro-Ex
RPS27A,Neuro-Ex
NR3C1,Neuro-Ex
STMN3,Neuro-Ex
TLN2,Neuro-Ex
KIAA0930,Neuro-Ex
VPS13D,Neuro-Ex
PRDM2,Neuro-Ex
RPLP2,Neuro-Ex
ARID1B,Neuro-Ex
PEA15,Neuro-Ex
AEBP2,Neuro-Ex
CADM3,Neuro-Ex
FMN2,Neuro-Ex
FAM13A,Neuro-Ex
TRIM37,Neuro-Ex
PPA2,Neuro-Ex
NLRP1,Neuro-Ex
GABRG2,Neuro-Ex
ANKRD30BL,Neuro-Ex
MORF4L1,Neuro-Ex
KIF3A,Neuro-Ex
BAALC,Neuro-Ex
LRRN2,Neuro-Ex
TMOD2,Neuro-Ex
CEND1,Neuro-Ex
ARHGAP10,Neuro-Ex
MACROD2,Neuro-Ex
AP001347.6,Neuro-Ex
RPL34,Neuro-Ex
EIF1,Neuro-Ex
WDR17,Neuro-Ex
RPS6,Neuro-Ex
ACTN1,Neuro-Ex
MED13L,Neuro-Ex
ATP6AP2,Neuro-Ex
GAS7,Neuro-Ex
MED12L,Neuro-Ex
GUCY1B3,Neuro-Ex
SSBP2,Neuro-Ex
KCND3,Neuro-Ex
RPL35,Neuro-Ex
SCAMP5,Neuro-Ex
GABBR2,Neuro-Ex
RNF144A,Neuro-Ex
SV2A,Neuro-Ex
ATXN1,Neuro-Ex
MIR124-2HG,Neuro-Ex
RAP1GDS1,Neuro-Ex
SYT4,Neuro-Ex
NPAS2,Neuro-Ex
GALNT18,Neuro-Ex
NOL4,Neuro-Ex
BNIP3,Neuro-Ex
GNB1,Neuro-Ex
SPATS2L,Neuro-Ex
SCN8A,Neuro-Ex
RPL27,Neuro-Ex
PPM1E,Neuro-Ex
PPP3CB,Neuro-Ex
RPL32,Neuro-Ex
CLTC,Neuro-Ex
KIF1A,Neuro-Ex
ADRBK2,Neuro-Ex
APBA2,Neuro-Ex
RPS6KC1,Neuro-Ex
ATP6V1A,Neuro-Ex
PI4KA,Neuro-Ex
ABR,Neuro-Ex
AUTS2,Neuro-Ex
EIF4G2,Neuro-Ex
SCG2,Neuro-Ex
RBFOX2,Neuro-Ex
BLCAP,Neuro-Ex
PACRG,Neuro-Ex
GLCCI1,Neuro-Ex
HCN1,Neuro-Ex
ZBTB16,Neuro-Ex
ST8SIA5,Neuro-Ex
USP22,Neuro-Ex
KIF3C,Neuro-Ex
ZMYND8,Neuro-Ex
MARK1,Neuro-Ex
HIVEP3,Neuro-Ex
MBOAT2,Neuro-Ex
MYH10,Neuro-Ex
ATP1B3,Neuro-Ex
GDAP1,Neuro-Ex
MEG8,Neuro-Ex
ELL2,Neuro-Ex
SOBP,Neuro-Ex
RPS24,Neuro-Ex
ACSL3,Neuro-Ex
ENO1,Neuro-Ex
ANKRD36B,Neuro-Ex
ZBTB18,Neuro-Ex
MAP7D2,Neuro-Ex
EID1,Neuro-Ex
EFR3A,Neuro-Ex
ATP6V0A1,Neuro-Ex
EXT1,Neuro-Ex
PDE2A,Neuro-Ex
YWHAE,Neuro-Ex
OSBPL3,Neuro-Ex
MAPK4,Neuro-Ex
CLEC16A,Neuro-Ex
RP5-921G16.1,Neuro-Ex
ARHGAP44,Neuro-Ex
CTNNAL1,Neuro-Ex
CYP46A1,Neuro-Ex
MLLT3,Neuro-Ex
NUDCD3,Neuro-Ex
UBL3,Neuro-Ex
CSRNP3,Neuro-Ex
CEP126,Neuro-Ex
CTTNBP2,Neuro-Ex
RAPGEF2,Neuro-Ex
TPST1,Neuro-Ex
NR3C2,Neuro-Ex
GRAMD1B,Neuro-Ex
RPLP1,Neuro-Ex
SNCB,Neuro-Ex
PRRC2B,Neuro-Ex
NPTXR,Neuro-Ex
KIF21A,Neuro-Ex
RASA2,Neuro-Ex
ITM2B,Neuro-Ex
ELAVL2,Neuro-Ex
RP11-166D19.1,Neuro-Ex
SLF1,Neuro-Ex
MORF4L2,Neuro-Ex
BRAF,Neuro-Ex
NLGN4Y,Neuro-Ex
GOLGA8B,Neuro-Ex
KCNJ6,Neuro-Ex
FUT9,Neuro-Ex
RPS15,Neuro-Ex
DAPK1,Neuro-Ex
DNAJA1,Neuro-Ex
GNPTAB,Neuro-Ex
ZFYVE28,Neuro-Ex
FAM217B,Neuro-Ex
EXOC4,Neuro-Ex
RPL37,Neuro-Ex
SPAG16,Neuro-Ex
KIFC2,Neuro-Ex
MPP6,Neuro-Ex
RNF187,Neuro-Ex
FRY,Neuro-Ex
FAM81A,Neuro-Ex
PDS5B,Neuro-Ex
ELMOD1,Neuro-Ex
BICD1,Neuro-Ex
PTPN5,Neuro-Ex
ZNF483,Neuro-Ex
EEF1A2,Neuro-Ex
AC007246.3,Neuro-Ex
ATP2C1,Neuro-Ex
UGGT2,Neuro-Ex
FARS2,Neuro-Ex
OCIAD1,Neuro-Ex
FAM49A,Neuro-Ex
TRERF1,Neuro-Ex
RPS28,Neuro-Ex
ATXN7L3B,Neuro-Ex
MICU1,Neuro-Ex
CIT,Neuro-Ex
C16orf52,Neuro-Ex
BSN,Neuro-Ex
IQSEC1,Neuro-Ex
CEP112,Neuro-Ex
SPTBN1,Neuro-Ex
NDUFA10,Neuro-Ex
PRKCE,Neuro-Ex
APBB1,Neuro-Ex
AIG1,Neuro-Ex
GLRB,Neuro-Ex
MGST3,Neuro-Ex
RHBDD2,Neuro-Ex
KIFAP3,Neuro-Ex
RPL13,Neuro-Ex
NFAT5,Neuro-Ex
LRRFIP1,Neuro-Ex
HNRNPDL,Neuro-Ex
MYO5A,Neuro-Ex
PLCL2,Neuro-Ex
CYTH1,Neuro-Ex
STMN4,Neuro-Ex
STOX2,Neuro-Ex
EPB41L3,Neuro-Ex
FTX,Neuro-Ex
WDFY3,Neuro-Ex
ATP9A,Neuro-Ex
PCDH10,Neuro-Ex
CPE,Neuro-Ex
RAB2A,Neuro-Ex
NCKAP1,Neuro-Ex
WBSCR17,Neuro-Ex
DANT2,Neuro-Ex
RP11-707M1.1,Neuro-Ex
G3BP2,Neuro-Ex
RTF1,Neuro-Ex
NUDT3,Neuro-Ex
PKNOX2,Neuro-Ex
RBM5,Neuro-Ex
SRGAP3,Neuro-Ex
RUFY3,Neuro-Ex
MTURN,Neuro-Ex
ABI2,Neuro-Ex
OSBPL6,Neuro-Ex
SNED1,Neuro-Ex
NFIX,Neuro-Ex
RP11-123M6.2,Neuro-Ex
SMARCA2,Neuro-Ex
DNAJC6,Neuro-Ex
ST8SIA3,Neuro-Ex
C11orf80,Neuro-Ex
TSPAN13,Neuro-Ex
APLP2,Neuro-Ex
NDUFS1,Neuro-Ex
NDUFV1,Neuro-Ex
PRKAR2B,Neuro-Ex
LONRF2,Neuro-Ex
ADD2,Neuro-Ex
UQCRB,Neuro-Ex
SEC62,Neuro-Ex
WSB1,Neuro-Ex
ARHGEF7,Neuro-Ex
MIPOL1,Neuro-Ex
HLF,Neuro-Ex
7-Sep,Neuro-Ex
SIK2,Neuro-Ex
8-Sep,Neuro-Ex
MAGI1,Neuro-Ex
USP25,Neuro-Ex
CPLX1,Neuro-Ex
INPP5F,Neuro-Ex
SATB1-AS1,Neuro-Ex
MAP3K13,Neuro-Ex
ARHGAP21,Neuro-Ex
MNAT1,Neuro-Ex
ATP6AP1,Neuro-Ex
DDX24,Neuro-Ex
SYBU,Neuro-Ex
RPS19,Neuro-Ex
RP5-1187M17.10,Neuro-Ex
RPL38,Neuro-Ex
ZNF91,Neuro-Ex
RPL3,Neuro-Ex
HNRNPK,Neuro-Ex
MT3,Neuro-Ex
RASGRF1,Neuro-Ex
TRIM44,Neuro-Ex
GABRA2,Neuro-Ex
EXOC6,Neuro-Ex
ABLIM2,Neuro-Ex
SNRPN,Neuro-Ex
LDHB,Neuro-Ex
RPS8,Neuro-Ex
PLXNA2,Neuro-Ex
PCNXL2,Neuro-Ex
FHL1,Neuro-Ex
NEDD4L,Neuro-Ex
MFSD6,Neuro-Ex
SPOCK2,Neuro-Ex
PFDN5,Neuro-Ex
SAMD12,Neuro-Ex
FAM13B,Neuro-Ex
FEZ1,Neuro-Ex
ZFAND5,Neuro-Ex
CCDC30,Neuro-Ex
ATP6V0B,Neuro-Ex
CHGB,Neuro-Ex
NEK10,Neuro-Ex
SYT13,Neuro-Ex
HMP19,Neuro-Ex
UBA6-AS1,Neuro-Ex
PLEKHB2,Neuro-Ex
DCLK2,Neuro-Ex
PTPRN,Neuro-Ex
TASP1,Neuro-Ex
FHOD3,Neuro-Ex
ARNT2,Neuro-Ex
LRRC8B,Neuro-Ex
MAP1LC3A,Neuro-Ex
TTLL11,Neuro-Ex
ATP8A2,Neuro-Ex
UNC79,Neuro-Ex
RNF157,Neuro-Ex
TERF2IP,Neuro-Ex
NISCH,Neuro-Ex
SHANK2,Neuro-Ex
LMTK2,Neuro-Ex
SLC22A17,Neuro-Ex
RABGAP1,Neuro-Ex
KSR2,Neuro-Ex
TMEM131,Neuro-Ex
SYNJ1,Neuro-Ex
OPTN,Neuro-Ex
KCNQ2,Neuro-Ex
PPP2R5C,Neuro-Ex
SUGP2,Neuro-Ex
GPC1,Neuro-Ex
AMPH,Neuro-Ex
GFOD1,Neuro-Ex
FBXL16,Neuro-Ex
SLC23A2,Neuro-Ex
ICA1L,Neuro-Ex
VGLL4,Neuro-Ex
DZIP3,Neuro-Ex
TACC1,Neuro-Ex
TLK1,Neuro-Ex
SCRN1,Neuro-Ex
KCNT1,Neuro-Ex
6-Mar,Neuro-Ex
GNB5,Neuro-Ex
DYNC2H1,Neuro-Ex
ANKRD17,Neuro-Ex
RAD9A,Neuro-Ex
PLEKHA6,Neuro-Ex
KLHL32,Neuro-Ex
ENSA,Neuro-Ex
RSRP1,Neuro-Ex
PLD3,Neuro-Ex
GRINA,Neuro-Ex
ATP5I,Neuro-Ex
FAM168B,Neuro-Ex
HNRNPA2B1,Neuro-Ex
ETV5,Neuro-Ex
ANO5,Neuro-Ex
HSPA12A,Neuro-Ex
SNU13,Neuro-Ex
PPP2R1A,Neuro-Ex
ATL1,Neuro-Ex
SRSF5,Neuro-Ex
PKD1,Neuro-Ex
CLTA,Neuro-Ex
CNTNAP1,Neuro-Ex
PAFAH1B1,Neuro-Ex
MAPK9,Neuro-Ex
RANGAP1,Neuro-Ex
B4GAT1,Neuro-Ex
ATCAY,Neuro-Ex
STAU2,Neuro-Ex
AKAP11,Neuro-Ex
MAPRE2,Neuro-Ex
GOT1,Neuro-Ex
ACTR2,Neuro-Ex
DYNC1H1,Neuro-Ex
HSP90B1,Neuro-Ex
SEZ6L2,Neuro-Ex
REEP2,Neuro-Ex
NCEH1,Neuro-Ex
NR2F1,Neuro-Ex
TSPYL2,Neuro-Ex
KCNAB2,Neuro-Ex
MAP9,Neuro-Ex
RAB11FIP4,Neuro-Ex
MTPN,Neuro-Ex
MPRIP,Neuro-Ex
NAPEPLD,Neuro-Ex
NDUFS2,Neuro-Ex
EPB41L1,Neuro-Ex
TPM1,Neuro-Ex
RNF145,Neuro-Ex
SYT16,Neuro-Ex
KIAA0513,Neuro-Ex
CLSTN3,Neuro-Ex
ARL6IP5,Neuro-Ex
LPCAT4,Neuro-Ex
CNR1,Neuro-In
ADARB2,Neuro-In
VIP,Neuro-In
GALNTL6,Neuro-In
CXCL14,Neuro-In
KIT,Neuro-In
DPP10,Neuro-In
SGCZ,Neuro-In
SST,Neuro-In
GAD1,Neuro-In
DLX6-AS11,Neuro-In
CNTNAP2,Neuro-In
CNTN5,Neuro-In
PRELID2,Neuro-In
ZNF385D,Neuro-In
BTBD11,Neuro-In
ROBO2,Neuro-In
GAD2,Neuro-In
RGS12,Neuro-In
AC134511.1,Neuro-In
SGOL1-AS1,Neuro-In
SYNPR,Neuro-In
NR2F2-AS1,Neuro-In
ERBB4,Neuro-In
CA8,Neuro-In
NXPH1,Neuro-In
GRIK1,Neuro-In
CCK,Neuro-In
CRH,Neuro-In
DLX6-AS1,Neuro-In
INPP4B,Neuro-In
ALK,Neuro-In
CDH12,Neuro-In
SCG2,Neuro-In
KCNT2,Neuro-In
PTCHD4,Neuro-In
SDK1,Neuro-In
KCNC2,Neuro-In
NPY,Neuro-In
KIAA1217,Neuro-In
SLC6A1,Neuro-In
ZNF804A,Neuro-In
NCAM2,Neuro-In
RP11-123O10.4,Neuro-In
ARL4C1,Neuro-In
C8orf34,Neuro-In
NR2F2,Neuro-In
THSD7A,Neuro-In
TAC1,Neuro-In
CALB1,Neuro-In
ROBO1,Neuro-In
SLC6A11,Neuro-In
GRIP1,Neuro-In
CALB2,Neuro-In
CNTNAP4,Neuro-In
SLIT2,Neuro-In
CBLN4,Neuro-In
SPOCK3,Neuro-In
KCNAB3,Neuro-In
CHRNA7,Neuro-In
GRIK2,Neuro-In
FRAS1,Neuro-In
CTC-806A22.1,Neuro-In
PVALB,Neuro-In
KCNAB1,Neuro-In
AHI12,Neuro-In
FXYD61,Neuro-In
NPAS3,Neuro-In
THSD7B,Neuro-In
ALCAM,Neuro-In
CSMD1,Neuro-In
SV2C,Neuro-In
SLC9A9,Neuro-In
TMEM132C,Neuro-In
PENK,Neuro-In
PCDH15,Neuro-In
PCLO3,Neuro-In
ERBB41,Neuro-In
SLC24A3,Neuro-In
PTPRT,Neuro-In
DAB1,Neuro-In
XKR4,Neuro-In
SYT14,Neuro-In
GAD21,Neuro-In
GRIP2,Neuro-In
RBMS3,Neuro-In
COL21A1,Neuro-In
HS3ST5,Neuro-In
DNER,Neuro-In
TMEM132D,Neuro-In
GRID2,Neuro-In
MAFB,Neuro-In
GAD11,Neuro-In
WIF1,Neuro-In
MIR325HG,Neuro-In
SHISA8,Neuro-In
EYA4,Neuro-In
RP11-420N3.3,Neuro-In
PTPRM,Neuro-In
KIRREL3,Neuro-In
GRIN3A,Neuro-In
SNHG144,Neuro-In
RELN,Neuro-In
PLD5,Neuro-In
LHFPL3,Neuro-In
CDH13,Neuro-In
FSTL5,Neuro-In
EGFEM1P,Neuro-In
CDH9,Neuro-In
HTR1E,Neuro-In
MYO16,Neuro-In
GRIK3,Neuro-In
SPARCL12,Neuro-In
IL1RAPL2,Neuro-In
DLX1,Neuro-In
FREM1,Neuro-In
MGAT4C,Neuro-In
SOX6,Neuro-In
TENM3,Neuro-In
SYT15,Neuro-In
IGF1,Neuro-In
NECAB2,Neuro-In
ZMAT4,Neuro-In
PLCE1,Neuro-In
HPSE2,Neuro-In
SHISA6,Neuro-In
PEG3,Neuro-In
GABRB22,Neuro-In
ARL4C,Neuro-In
EGFR,Neuro-In
LRRC4C,Neuro-In
FGF12,Neuro-In
NRXN3,Neuro-In
SNRPN,Neuro-In
ADRA1A,Neuro-In
L3MBTL4,Neuro-In
DLGAP1,Neuro-In
MEF2C4,Neuro-In
GABRA11,Neuro-In
LAMP5,Neuro-In
TRPS1,Neuro-In
ADAMTS17,Neuro-In
COL25A1,Neuro-In
SORCS3,Neuro-In
COL5A2,Neuro-In
VWC2,Neuro-In
RP5-1024G6.8,Neuro-In
GNAS1,Neuro-In
LRRC39,Neuro-In
FBXL7,Neuro-In
PLCXD3,Neuro-In
SPARCL1,Neuro-In
KIF26B,Neuro-In
ANKRD26,Neuro-In
ATP1B12,Neuro-In
AC098864.1,Neuro-In
SNTG1,Neuro-In
GRM7,Neuro-In
MAF,Neuro-In
AP1S2,Neuro-In
LINC01197,Neuro-In
SNHG14,Neuro-In
PKP2,Neuro-In
THSD7A1,Neuro-In
,Neuro-In
RP11-58C22.1,Neuro-In
RERG,Neuro-In
TACR1,Neuro-In
ANK1,Neuro-In
SATB11,Neuro-In
TCF42,Neuro-In
SHISA9,Neuro-In
LRP1B,Neuro-In
PROX1,Neuro-In
DOCK10,Neuro-In
GRIN2A,Neuro-In
PCDH11X,Neuro-In
MIAT3,Neuro-In
NSG2,Neuro-In
TIMP2,Neuro-In
PWRN1,Neuro-In
MIR4300HG,Neuro-In
BCL11B,Neuro-In
RORA,Neuro-In
KCNIP1,Neuro-In
UPP1,Neuro-In
SPOCK2,Neuro-In
VWC2L,Neuro-In
ENTPD3,Neuro-In
MEG3,Neuro-In
NRIP3,Neuro-In
FRMPD4,Neuro-In
ELAVL2,Neuro-In
RAB3IP,Neuro-In
GRIK11,Neuro-In
ZNF536,Neuro-In
RAB3B,Neuro-In
GABBR2,Neuro-In
NPAS1,Neuro-In
PCDH10,Neuro-In
FRMD4A,Neuro-In
SPHKAP,Neuro-In
VSTM2A,Neuro-In
PCP4,Neuro-In
CSMD3,Neuro-In
SEZ6,Neuro-In
FGF13,Neuro-In
NETO2,Neuro-In
PLCH1,Neuro-In
SV2A,Neuro-In
ZNF385D1,Neuro-In
RAB3C,Neuro-In
TOX2,Neuro-In
ATP1B11,Neuro-In
SEZ6L2,Neuro-In
NXPH2,Neuro-In
KCNC1,Neuro-In
PEG31,Neuro-In
PLS3,Neuro-In
GNAS,Neuro-In
RP11-69I8.3,Neuro-In
FAT1,Neuro-In
GRIA1,Neuro-In
ANKRD55,Neuro-In
ST6GALNAC5,Neuro-In
TAOK3,Neuro-In
ATCAY1,Neuro-In
LINC01322,Neuro-In
GABRG3,Neuro-In
KLHL5,Neuro-In
GABRA1,Neuro-In
SOBP,Neuro-In
TRPC3,Neuro-In
KAZN,Neuro-In
LRP8,Neuro-In
ASTN2,Neuro-In
AAK1,Neuro-In
SNHG145,Neuro-In
AC010127.3,Neuro-In
STXBP6,Neuro-In
GABRB21,Neuro-In
RTN11,Neuro-In
DSCAM,Neuro-In
NEAT1,Neuro-In
TOX3,Neuro-In
NTNG1,Neuro-In
MDGA2,Neuro-In
COL19A1,Neuro-In
CKMT1B2,Neuro-In
NRXN31,Neuro-In
KIAA1211,Neuro-In
RP11-436D23.1,Neuro-In
CNTN4,Neuro-In
TMTC1,Neuro-In
RP11-444D3.1,Neuro-In
TCF41,Neuro-In
SERINC1,Neuro-In
DPP6,Neuro-In
RYR3,Neuro-In
GULP1,Neuro-In
TENM1,Neuro-In
CADPS,Neuro-In
RBFOX1,Neuro-In
GRIK21,Neuro-In
PID1,Neuro-In
PTPRE,Neuro-In
PLXNA4,Neuro-In
TENM4,Neuro-In
KLF3-AS1,Neuro-In
SLC4A10,Neuro-In
REV3L1,Neuro-In
SORCS1,Neuro-In
NHS,Neuro-In
ADCY2,Neuro-In
SRRM34,Neuro-In
NRIP31,Neuro-In
ADAMTS9-AS2,Neuro-In
TCF4,Neuro-In
AFAP1,Neuro-In
FGF14,Neuro-In
CPLX1,Neuro-In
BACH1,Neuro-In
SCN1A,Neuro-In
SV2A1,Neuro-In
AC074363.1,Neuro-In
CHST11,Neuro-In
LUZP2,Neuro-In
FAM19A2,Neuro-In
EPHA6,Neuro-In
EPHB6,Neuro-In
EPHB62,Neuro-In
SEMA6D,Neuro-In
WBSCR17,Neuro-In
MTUS2,Neuro-In
DGKD,Neuro-In
RASGRF2,Neuro-In
REV3L,Neuro-In
COL16A1,Neuro-In
LINC01314,Neuro-In
CALN1,Neuro-In
ACSL6,Neuro-In
RTN31,Neuro-In
SGCD,Neuro-In
RPS6KA2,Neuro-In
TENM2,Neuro-In
CORO61,Neuro-In
APP,Neuro-In
CHSY3,Neuro-In
TTN,Neuro-In
TSHZ2,Neuro-In
SOX2-OT,Neuro-In
MEF2C,Neuro-In
SRRM41,Neuro-In
CHRM3,Neuro-In
CADM2,Neuro-In
MYRIP,Neuro-In
KLF12,Neuro-In
TIMP21,Neuro-In
OXR1,Neuro-In
NLGN1,Neuro-In
SYT1,Neuro-In
TOX,Neuro-In
WLS,Neuro-In
CELF43,Neuro-In
CIT,Neuro-In
ZEB2,Neuro-In
LINGO2,Neuro-In
NYAP2,Neuro-In
PCLO,Neuro-In
ABAT,Neuro-In
TSPAN7,Neuro-In
ASIC2,Neuro-In
ADCY8,Neuro-In
LRRTM4,Neuro-In
CACNG8,Neuro-In
PHF20L1,Neuro-In
NAP1L3,Neuro-In
KCNQ5,Neuro-In
RP11-384F7.2,Neuro-In
UNC5D,Neuro-In
PAM,Neuro-In
TMEFF2,Neuro-In
GRIA4,Neuro-In
ANKRD261,Neuro-In
NKAIN3,Neuro-In
SLC44A5,Neuro-In
SERPINI1,Neuro-In
TRHDE,Neuro-In
DAAM11,Neuro-In
RBFOX21,Neuro-In
NTN4,Neuro-In
ANO4,Neuro-In
GNG4,Neuro-In
SRGAP1,Neuro-In
GRIA3,Neuro-In
DNM1,Neuro-In
INPP5F1,Neuro-In
WWP1,Neuro-In
KCNQ1OT1,Neuro-In
MACROD2,Neuro-In
MAP24,Neuro-In
NCAM11,Neuro-In
CHL1,Neuro-In
CACNA1D,Neuro-In
COL11A1,Neuro-In
ATRNL1,Neuro-In
KMT2A,Neuro-In
FRRS1L1,Neuro-In
MCC,Neuro-In
LSAMP,Neuro-In
RIMBP2,Neuro-In
IL1RAPL1,Neuro-In
LINC009662,Neuro-In
ATP8A2,Neuro-In
PCSK2,Neuro-In
NR3C2,Neuro-In
SNED1,Neuro-In
PCDH11Y,Neuro-In
CAMTA1,Neuro-In
GRIA41,Neuro-In
PLPPR1,Neuro-In
HS6ST3,Neuro-In
NRG3,Neuro-In
CNTNAP5,Neuro-In
CEMIP,Neuro-In
PIP5K1B,Neuro-In
EVL2,Neuro-In
RP11-297M9.2,Neuro-In
LINC00693,Neuro-In
SGK1,Neuro-In
PDGFD,Neuro-In
APLP2,Neuro-In
TNIK,Neuro-In
CACNA2D1,Neuro-In
UBASH3B,Neuro-In
RYR1,Neuro-In
CACNA2D3,Neuro-In
MYT1L2,Neuro-In
RASSF8,Neuro-In
MAN1A1,Neuro-In
SATB1-AS1,Neuro-In
INPP5F,Neuro-In
NRXN2,Neuro-In
SEZ6L,Neuro-In
RGS6,Neuro-In
TIAM1,Neuro-In
LRRFIP11,Neuro-In
NRXN11,Neuro-In
CACNA1B,Neuro-In
MCTP1,Neuro-In
UNC13C,Neuro-In
PPARGC1A,Neuro-In
PITPNC1,Neuro-In
MAGI1,Neuro-In
MYT1L3,Neuro-In
ATP1B1,Neuro-In
OLFM3,Neuro-In
PRR16,Neuro-In
NFIB,Neuro-In
BCL11A,Neuro-In
LINC005993,Neuro-In
KIAA11071,Neuro-In
CDH4,Neuro-In
ARNT2,Neuro-In
HPCAL1,Neuro-In
RPH3A,Neuro-In
UNC802,Neuro-In
KCND3,Neuro-In
PEX5L,Neuro-In
MAP3K5,Neuro-In
NETO1,Neuro-In
CACNG82,Neuro-In
CLVS1,Neuro-In
GOLIM4,Neuro-In
LARGE,Neuro-In
PWAR63,Neuro-In
KCNC21,Neuro-In
MTSS1,Neuro-In
ZNF804B,Neuro-In
TMSB4X,Neuro-In
SYP2,Neuro-In
ATP1A3,Neuro-In
SAT1,Neuro-In
CDH8,Neuro-In
CADPS2,Neuro-In
HSP90AB1,Neuro-In
ENOX1,Neuro-In
PALLD,Neuro-In
KCNH7,Neuro-In
PDZRN4,Neuro-In
CHD52,Neuro-In
TSPYL21,Neuro-In
HMP19,Neuro-In
HDAC9,Neuro-In
DCC,Neuro-In
HCN1,Neuro-In
AHI1,Neuro-In
RUNX1T1,Neuro-In
SPTAN1,Neuro-In
LINC005994,Neuro-In
RARB,Neuro-In
GABRD,Neuro-In
PDE4B,Neuro-In
GRIA34,Neuro-In
SCN2A3,Neuro-In
CNTN3,Neuro-In
ADRBK2,Neuro-In
EDIL3,Neuro-In
GNAL,Neuro-In
LPCAT4,Neuro-In
AHI13,Neuro-In
ZNF292,Neuro-In
CCSER1,Neuro-In
B4GALT6,Neuro-In
GRM8,Neuro-In
CELF42,Neuro-In
USP11,Neuro-In
NRXN1,Neuro-In
GRM5,Neuro-In
MPPED1,Neuro-In
TRANK1,Neuro-In
SCAMP5,Neuro-In
TTC28,Neuro-In
ADAMTSL3,Neuro-In
CNTN6,Neuro-In
KIAA1107,Neuro-In
GRIN12,Neuro-In
ADGRB3,Neuro-In
TMEM66,Neuro-In
PRKG1,Neuro-In
PTPRN2,Neuro-In
ARL6IP1,Neuro-In
SLC35F4,Neuro-In
NBEA,Neuro-In
PRKD1,Neuro-In
EXT1,Neuro-In
LRRFIP1,Neuro-In
KIAA1324,Neuro-In
ANKRD36,Neuro-In
FAM65B,Neuro-In
GABRG2,Neuro-In
CLSTN2,Neuro-In
DMD,Neuro-In
NEGR11,Neuro-In
TMEM132B,Neuro-In
PTPRO,Neuro-In
PRKCB,Neuro-In
FMN1,Neuro-In
LANCL1,Neuro-In
ADAMTS19,Neuro-In
GRIN2B,Neuro-In
TSPYL2,Neuro-In
PNMA2,Neuro-In
HMBOX1,Neuro-In
CCNI,Neuro-In
AK5,Neuro-In
MAML3,Neuro-In
SYN2,Neuro-In
TMEM108,Neuro-In
DAPK1,Neuro-In
MAN1A21,Neuro-In
CAMTA11,Neuro-In
BICD1,Neuro-In
GALNT13,Neuro-In
NEBL,Neuro-In
LIMCH1,Neuro-In
CACNA1A,Neuro-In
PRNP,Neuro-In
OPCML,Neuro-In
GRIA2,Neuro-In
ATCAY,Neuro-In
RBFOX2,Neuro-In
STARD13,Neuro-In
PCDH17,Neuro-In
DOK5,Neuro-In
CTNNA2,Neuro-In
DLGAP11,Neuro-In
ANKRD12,Neuro-In
LRRC7,Neuro-In
PPIP5K2,Neuro-In
TUBB2A,Neuro-In
FOXG1,Neuro-In
GABRB1,Neuro-In
KCNJ3,Neuro-In
ITM2C,Neuro-In
TRPC5,Neuro-In
4-Mar,Neuro-In
PDE1C,Neuro-In
FXYD6,Neuro-In
CLSTN3,Neuro-In
RNF180,Neuro-In
ZNF608,Neuro-In
PARM1,Neuro-In
RIMS22,Neuro-In
OIP5-AS1,Neuro-In
CDC5L,Neuro-In
PPM1E,Neuro-In
GRIN11,Neuro-In
SRRM42,Neuro-In
CDK14,Neuro-In
RP11-766N7.3,Neuro-In
ATP2B21,Neuro-In
GRIN2B2,Neuro-In
KIF1A,Neuro-In
CAMK2D,Neuro-In
NTRK2,Neuro-In
SPTBN42,Neuro-In
SLC12A5,Neuro-In
PCDH7,Neuro-In
GPR155,Neuro-In
KCNQ3,Neuro-In
NPTXR,Neuro-In
ANKRD30BL,Neuro-In
ZBTB16,Neuro-In
TERF2IP,Neuro-In
IGSF11,Neuro-In
OSBPL6,Neuro-In
KIF21A,Neuro-In
SRRM4,Neuro-In
RIMS2,Neuro-In
DGKG,Neuro-In
LRRN3,Neuro-In
ABI1,Neuro-In
LINC01122,Neuro-In
KIAA1456,Neuro-In
MYT1L,Neuro-In
CACNA1E,Neuro-In
NCALD,Neuro-In
TLN2,Neuro-In
ATRX,Neuro-In
AFF2,Neuro-In
PDE8B,Neuro-In
RP5-921G16.1,Neuro-In
GPC6,Neuro-In
PCLO4,Neuro-In
DGKB,Neuro-In
SUSD4,Neuro-In
CDHR3,Neuro-In
DLGAP2,Neuro-In
NELL1,Neuro-In
FHOD3,Neuro-In
GABRB2,Neuro-In
AUTS2,Neuro-In
CCDC136,Neuro-In
MEF2C5,Neuro-In
PLCB4,Neuro-In
SLC25A12,Neuro-In
NIPAL3,Neuro-In
FAM110B,Neuro-In
SHANK2,Neuro-In
OSBPL3,Neuro-In
PACRG,Neuro-In
KCTD16,Neuro-In
AC005592.2,Neuro-In
NCAM1,Neuro-In
PARK2,Neuro-In
MTUS1,Neuro-In
MAP25,Neuro-In
U91319.1,Neuro-In
PPM1K,Neuro-In
TMEM130,Neuro-In
KIF3A,Neuro-In
MPP6,Neuro-In
SLC35F1,Neuro-In
CORO6,Neuro-In
LRFN5,Neuro-In
OSBPL8,Neuro-In
ELAVL3,Neuro-In
SARAF,Neuro-In
MAP1B,Neuro-In
UNC5C,Neuro-In
SUPT3H,Neuro-In
FAM135B,Neuro-In
DKK31,Neuro-In
PDE7B,Neuro-In
MAN1A2,Neuro-In
NPTXR1,Neuro-In
FAR2,Neuro-In
FARP1,Neuro-In
KIFAP3,Neuro-In
PWAR64,Neuro-In
AP001347.6,Neuro-In
ARHGAP20,Neuro-In
ZNF385B,Neuro-In
SLC22A17,Neuro-In
NMNAT2,Neuro-In
PGM2L1,Neuro-In
BCL2,Neuro-In
CACNA1C,Neuro-In
IQCJ-SCHIP1,Neuro-In
KHDRBS2,Neuro-In
KCNT1,Neuro-In
NAV2,Neuro-In
THY1,Neuro-In
MAGI3,Neuro-In
EEPD1,Neuro-In
MAST4,Neuro-In
GOT1,Neuro-In
ETV6,Neuro-In
CHD5,Neuro-In
KCNQ1OT12,Neuro-In
DOK6,Neuro-In
CELF4,Neuro-In
CPLX2,Neuro-In
LINC00461,Neuro-In
SH3PXD2A,Neuro-In
SLC8A1,Neuro-In
MIR99AHG,Neuro-In
RNF150,Neuro-In
PTPN13,Neuro-In
CDR2,Neuro-In
RNPC3,Neuro-In
ERC2,Neuro-In
LARP1,Neuro-In
EFR3B,Neuro-In
DCLK1,Neuro-In
AC007563.5,Neuro-In
EPHA3,Neuro-In
SETBP1,Neuro-In
SH3RF3,Neuro-In
PHYHIPL,Neuro-In
MLLT3,Neuro-In
KCNJ6,Neuro-In
ARHGEF3,Neuro-In
UCHL1,Neuro-In
PLEKHA5,Neuro-In
KCNB2,Neuro-In
GPHN,Neuro-In
REEP1,Neuro-In
PRICKLE2,Neuro-In
PAK3,Neuro-In
FLRT2,Neuro-In
BRINP2,Neuro-In
SPOCK1,Neuro-In
ADCY1,Neuro-In
SCN3A,Neuro-In
CDH10,Neuro-In
SMARCA2,Neuro-In
DKK3,Neuro-In
MAPK4,Neuro-In
PKNOX2,Neuro-In
NRG1,Neuro-In
CLIP4,Neuro-In
MIR181A1HG,Neuro-In
SLC2A13,Neuro-In
RAB2A,Neuro-In
NTRK3,Neuro-In
SORBS2,Neuro-In
FUT9,Neuro-In
CSMD2,Neuro-In
MAP2,Neuro-In
ANKRD36C,Neuro-In
KCNMB4,Neuro-In
SPAG16,Neuro-In
KCNMA1,Neuro-In
DOCK3,Neuro-In
PRKCE,Neuro-In
RALGAPA2,Neuro-In
IDS,Neuro-In
ITM2B,Neuro-In
RGS7,Neuro-In
CTTNBP2,Neuro-In
OSBPL1A,Neuro-In
ANKS1A,Neuro-In
TMEM178B,Neuro-In
DOCK9,Neuro-In
KCNIP4,Neuro-In
CYP46A1,Neuro-In
RYR2,Neuro-In
KIDINS220,Neuro-In
CLVS2,Neuro-In
ANKH,Neuro-In
KCNH5,Neuro-In
NDST3,Neuro-In
SCG5,Neuro-In
VSNL1,Neuro-In
NDFIP1,Neuro-In
MPDZ,Neuro-In
NDRG4,Neuro-In
NGFRAP1,Neuro-In
1-Mar,Neuro-In
SYN3,Neuro-In
LCORL,Neuro-In
RAPGEF4,Neuro-In
THRB,Neuro-In
SAMD4A,Neuro-In
NCOA2,Neuro-In
GRIN1,Neuro-In
TTBK2,Neuro-In
GPR137C,Neuro-In
TMTC2,Neuro-In
TRAF3IP2-AS1,Neuro-In
NEDD4L,Neuro-In
RNF175,Neuro-In
ESRRG,Neuro-In
CACNB4,Neuro-In
PTPRS,Neuro-In
RTN3,Neuro-In
FRY,Neuro-In
GALNT18,Neuro-In
PLPPR4,Neuro-In
WASF3,Neuro-In
LRRC8B,Neuro-In
ITFG1,Neuro-In
ZEB1,Neuro-In
NEGR1,Neuro-In
ELMOD1,Neuro-In
CLEC16A,Neuro-In
REEP5,Neuro-In
KIAA1109,Neuro-In
PTPRG,Neuro-In
NALCN,Neuro-In
PLCB1,Neuro-In
FNDC3A,Neuro-In
ADGRL2,Neuro-In
SLC38A1,Neuro-In
GARNL3,Neuro-In
CACNG3,Neuro-In
MGAT5,Neuro-In
ACTG1,Neuro-In
CANX,Neuro-In
SH3GL3,Neuro-In
SIPA1L1,Neuro-In
NDUFA4,Neuro-In
CUX2,Neuro-In
RP11-382A20.3,Neuro-In
PRKCA,Neuro-In
SHC3,Neuro-In
MAP1A,Neuro-In
CAMK2N1,Neuro-In
CCDC91,Neuro-In
PTPRB,Neuro-In
ITSN1,Neuro-In
HECTD2,Neuro-In
DAAM1,Neuro-In
HECW2,Neuro-In
ARHGAP5,Neuro-In
ZNF483,Neuro-In
ZCCHC11,Neuro-In
OXCT1,Neuro-In
UBA6-AS1,Neuro-In
BEX1,Neuro-In
CAMKV,Neuro-In
KCNH1,Neuro-In
MMP16,Neuro-In
MAP7D2,Neuro-In
LUZP1,Neuro-In
MIAT,Neuro-In
RANBP17,Neuro-In
INPP4A,Neuro-In
MBOAT2,Neuro-In
SCLT1,Neuro-In
TFDP2,Neuro-In
PHF14,Neuro-In
HSD17B12,Neuro-In
CEP112,Neuro-In
FRRS1L,Neuro-In
ATP6V1A,Neuro-In
RASA1,Neuro-In
RCAN2,Neuro-In
ST8SIA1,Neuro-In
SPATS2L,Neuro-In
LINC00657,Neuro-In
CYFIP2,Neuro-In
NSF,Neuro-In
SPECC1,Neuro-In
ARHGAP44,Neuro-In
ATP5B,Neuro-In
GAS7,Neuro-In
RASAL2,Neuro-In
EVL,Neuro-In
NPAS2,Neuro-In
BEND6,Neuro-In
GIT2,Neuro-In
PDS5B,Neuro-In
TUBA1A,Neuro-In
AKAP6,Neuro-In
AMMECR1,Neuro-In
FAM189A1,Neuro-In
GLG1,Neuro-In
PHTF1,Neuro-In
6-Mar,Neuro-In
CACNB2,Neuro-In
GPR158,Neuro-In
ABLIM2,Neuro-In
MDH1,Neuro-In
SLC6A17,Neuro-In
RNF157,Neuro-In
DSCAML1,Neuro-In
GRID1,Neuro-In
TRIO,Neuro-In
LRRTM3,Neuro-In
HSP90B1,Neuro-In
SYP,Neuro-In
GAPDH,Neuro-In
PTPRJ,Neuro-In
EPHA5,Neuro-In
MARK1,Neuro-In
BLCAP,Neuro-In
BACH2,Neuro-In
MICU1,Neuro-In
NF1,Neuro-In
AEBP2,Neuro-In
ABR,Neuro-In
C16orf45,Neuro-In
SPTBN4,Neuro-In
RGS7BP,Neuro-In
FAIM2,Neuro-In
PTPN4,Neuro-In
ALDOA,Neuro-In
DDX24,Neuro-In
ARID5B,Neuro-In
CACNG2,Neuro-In
RUNDC3B,Neuro-In
TMEM59L,Neuro-In
SAMD12,Neuro-In
CERS6,Neuro-In
COG5,Neuro-In
HSP90AA1,Neuro-In
FAM168A,Neuro-In
MEG8,Neuro-In
TTTY14,Neuro-In
DANT2,Neuro-In
PAIP2,Neuro-In
EEA1,Neuro-In
ATP6V0A1,Neuro-In
PLEKHA1,Neuro-In
WSB1,Neuro-In
AC034220.3,Neuro-In
USP22,Neuro-In
PKN2,Neuro-In
SLC4A8,Neuro-In
CALM3,Neuro-In
AIG1,Neuro-In
SLCO3A1,Neuro-In
HIVEP3,Neuro-In
AES,Neuro-In
NAP1L1,Neuro-In
PRKAR2A,Neuro-In
SRRM3,Neuro-In
RNF24,Neuro-In
ELAVL4,Neuro-In
TPST1,Neuro-In
DYNLL2,Neuro-In
GABBR1,Neuro-In
RPL37A,Neuro-In
TNRC6A,Neuro-In
GFOD1,Neuro-In
ITPR1,Neuro-In
SSBP2,Neuro-In
STXBP5-AS1,Neuro-In
CSRNP3,Neuro-In
AFF3,Neuro-In
SPIN1,Neuro-In
VWA8,Neuro-In
EPB41L3,Neuro-In
MGEA5,Neuro-In
ATG7,Neuro-In
MYCBP2,Neuro-In
DENND5B,Neuro-In
NLGN4Y,Neuro-In
TMEM232,Neuro-In
FAM19A5,Neuro-In
SCAI,Neuro-In
TSC22D1,Neuro-In
SYT11,Neuro-In
KHDRBS3,Neuro-In
SULT4A1,Neuro-In
EML6,Neuro-In
COX4I1,Neuro-In
APBA1,Neuro-In
SH3KBP1,Neuro-In
LIN7A,Neuro-In
CELF5,Neuro-In
TTN-AS1,Neuro-In
NR2F1-AS1,Neuro-In
WNK2,Neuro-In
MAP9,Neuro-In
RPS6KA3,Neuro-In
METTL15,Neuro-In
SCN8A,Neuro-In
KLC1,Neuro-In
ARL15,Neuro-In
AUH,Neuro-In
ATP1A1,Neuro-In
ATP6V1B2,Neuro-In
RPL34,Neuro-In
GNB1,Neuro-In
CLTC,Neuro-In
TLK1,Neuro-In
ODF2L,Neuro-In
LRRFIP2,Neuro-In
PJA2,Neuro-In
PDXK,Neuro-In
NPTN,Neuro-In
YWHAB,Neuro-In
MAGED1,Neuro-In
CDK8,Neuro-In
PREPL,Neuro-In
PLD3,Neuro-In
CAP2,Neuro-In
BEX2,Neuro-In
ZYG11B,Neuro-In
PRKAR2B,Neuro-In
HOOK3,Neuro-In
G3BP2,Neuro-In
NAPB,Neuro-In
LINC00599,Neuro-In
PEBP1,Neuro-In
MPHOSPH8,Neuro-In
MORF4L2,Neuro-In
EPB41L1,Neuro-In
ADAM22,Neuro-In
RAB6B,Neuro-In
DOPEY1,Neuro-In
REPS1,Neuro-In
SMYD3,Neuro-In
AMPH,Neuro-In
ASTN1,Neuro-In
FAM49A,Neuro-In
RTF1,Neuro-In
TCEAL2,Neuro-In
ADK,Neuro-In
PDZRN3,Neuro-In
LONRF2,Neuro-In
MOBP,Oligo
CNP,Oligo
MOBP8,Oligo
C10ORF90,Oligo
PLP1,Oligo
ST18,Oligo
MIR219-2,Oligo
MBP7,Oligo
SH3TC2,Oligo
ERMN,Oligo
RNF220,Oligo
MBP6,Oligo
PLP19,Oligo
CNDP1,Oligo
SLC44A1,Oligo
CTNNA3,Oligo
CERCAM,Oligo
CERCAM1,Oligo
LDB3,Oligo
CLDN11,Oligo
MBP,Oligo
TF1,Oligo
CDK181,Oligo
RP11-404G16.2,Oligo
CDH19,Oligo
TMEM144,Oligo
TF,Oligo
MOBP7,Oligo
ST181,Oligo
SOX2-OT,Oligo
MIR219A2,Oligo
SLC44A17,Oligo
MOG1,Oligo
FOLH1,Oligo
TTLL74,Oligo
TMEM1441,Oligo
SLC5A11,Oligo
KLK6,Oligo
CLDND11,Oligo
TMEM63A1,Oligo
RHOU,Oligo
CNTN2,Oligo
DST5,Oligo
CDK19,Oligo
GPM6B4,Oligo
SCD1,Oligo
ADAMTS18,Oligo
FRMD4B,Oligo
SCD,Oligo
PLEKHH11,Oligo
SGK2,Oligo
ERBB3,Oligo
TTLL7,Oligo
LINC00609,Oligo
MOG,Oligo
MIR219-21,Oligo
TMEM206,Oligo
MYRF,Oligo
DOCK5,Oligo
CCP1105,Oligo
MAG,Oligo
ENPP2,Oligo
APLP14,Oligo
CARNS11,Oligo
TTL,Oligo
CLCA4,Oligo
OPALIN,Oligo
PTGDS9,Oligo
SLAIN1,Oligo
PIP4K2A,Oligo
QDPR,Oligo
PXK1,Oligo
PEX5L,Oligo
MAP7,Oligo
KCNH8,Oligo
Sep-74,Oligo
TTLL75,Oligo
C5ORF64,Oligo
TMEM165,Oligo
QKI,Oligo
TMEM1651,Oligo
SLC24A2,Oligo
CYB5R2,Oligo
MAN2A1,Oligo
LINC01608,Oligo
PLEKHH1,Oligo
CCDC88A3,Oligo
RAPGEF5,Oligo
HHIP,Oligo
EDIL3,Oligo
CLDND12,Oligo
CLMN,Oligo
CDK18,Oligo
CARNS1,Oligo
LAMP2,Oligo
SLC44A18,Oligo
HSPA2,Oligo
CRYAB,Oligo
GPRC5B1,Oligo
SYNJ2,Oligo
RHBDL2,Oligo
PAIP2B,Oligo
KIAA15984,Oligo
ASPA1,Oligo
MOSPD2,Oligo
AC018647.3,Oligo
UGT8,Oligo
DOCK10,Oligo
ABCA2,Oligo
ZKSCAN1,Oligo
PRUNE2,Oligo
ANLN,Oligo
CNDP11,Oligo
FOXN2,Oligo
GJB1,Oligo
SEPP1,Oligo
DOCK51,Oligo
LINC00844,Oligo
C10orf90,Oligo
PTMA4,Oligo
CLDN111,Oligo
COL4A5,Oligo
LPAR1,Oligo
ABCA8,Oligo
PDE8A,Oligo
MAL,Oligo
ABCA21,Oligo
CLDND1,Oligo
ASPA,Oligo
SHTN1,Oligo
PTGDS8,Oligo
AC012593.1,Oligo
TRIM2,Oligo
PRDM8,Oligo
SHROOM4,Oligo
QKI3,Oligo
FRMD4B1,Oligo
GPD1,Oligo
BCAS1,Oligo
FRMD5,Oligo
TMTC2,Oligo
PCDH94,Oligo
Sep-75,Oligo
TTLL7-IT1,Oligo
APLP1,Oligo
PHLPP1,Oligo
FTH15,Oligo
SPP11,Oligo
MYO1D,Oligo
RP11-597D13.7,Oligo
DPYD,Oligo
AMER2,Oligo
WSB12,Oligo
CA14,Oligo
CREB5,Oligo
IL1RAPL1,Oligo
KIAA15985,Oligo
TUBA1A,Oligo
ZNF488,Oligo
HAPLN2,Oligo
ICK,Oligo
C21ORF91,Oligo
NCKAP5,Oligo
MAP71,Oligo
DBNDD2,Oligo
PLCL1,Oligo
ELOVL1,Oligo
4-Sep,Oligo
QKI4,Oligo
PLEKHG3,Oligo
NINJ2,Oligo
NEAT18,Oligo
MARCKSL1,Oligo
CD22,Oligo
FA2H,Oligo
PXK,Oligo
CRYAB1,Oligo
SEPP11,Oligo
SFRP1,Oligo
PCSK6,Oligo
PTGDS,Oligo
PCDH95,Oligo
AC012494.1,Oligo
PPP1R14A1,Oligo
STRN,Oligo
,Oligo
PLD1,Oligo
RNASE1,Oligo
RTN43,Oligo
SNX22,Oligo
TRIM59,Oligo
PDE4B,Oligo
SRRM1,Oligo
TUBB4A,Oligo
LINC00320,Oligo
PTK2,Oligo
ENPP21,Oligo
PPP1R16B,Oligo
SLCO1A2,Oligo
ARHGAP211,Oligo
SHC4,Oligo
TULP4,Oligo
SUN2,Oligo
CNTN21,Oligo
IPO13,Oligo
KLHL32,Oligo
DST4,Oligo
CRYAB2,Oligo
ZDHHC9,Oligo
GPR37,Oligo
FRYL,Oligo
MAP4K41,Oligo
PAPSS1,Oligo
MAP6D1,Oligo
BAZ2B6,Oligo
DYNC1I2,Oligo
KIF6,Oligo
ELMO1,Oligo
APLP15,Oligo
LINC00486,Oligo
RP5-907C10.3,Oligo
PDE1C,Oligo
AATK,Oligo
C8ORF46,Oligo
TMEM235,Oligo
PPP2R2B,Oligo
SPP1,Oligo
ZFYVE161,Oligo
CTC-529P8.1,Oligo
FAM107B,Oligo
ERBB2IP,Oligo
KIAA09304,Oligo
CNP1,Oligo
TMEM64,Oligo
CCP110,Oligo
HIP1,Oligo
PPP1R14A,Oligo
PIP4K2A1,Oligo
REEP3,Oligo
CDH1,Oligo
BCAS11,Oligo
FAM222A,Oligo
HN1L,Oligo
GSN,Oligo
GLTP,Oligo
TGFA,Oligo
GAB1,Oligo
KTN11,Oligo
GPM6B5,Oligo
PRKCQ-AS1,Oligo
APOD,Oligo
PHLDB11,Oligo
BACE1,Oligo
PTPDC1,Oligo
GPRC5B,Oligo
FMNL22,Oligo
BCHE,Oligo
PSEN1,Oligo
NDRG1,Oligo
NASP1,Oligo
RNF13,Oligo
KCNJ2,Oligo
ZFYVE16,Oligo
SLCO1A21,Oligo
ABCG1,Oligo
LINC00639,Oligo
ZEB2,Oligo
PHLDB1,Oligo
FAM178A,Oligo
PPAP2C,Oligo
PIEZO2,Oligo
TCF12,Oligo
FRYL1,Oligo
NT5DC1,Oligo
LHFPL3,Oligo
SIK3,Oligo
RDX,Oligo
CCP1106,Oligo
CNTNAP4,Oligo
SORT1,Oligo
MTUS11,Oligo
ATP10B,Oligo
MAP4K4,Oligo
CSRP1,Oligo
MYRF1,Oligo
AC007163.3,Oligo
RTKN,Oligo
DLG14,Oligo
7-Sep,Oligo
SOX8,Oligo
HIPK2,Oligo
ARAP2,Oligo
SECISBP2L,Oligo
ENPP4,Oligo
RAB33A,Oligo
FMNL2,Oligo
ERBB31,Oligo
RP3-399L15.3,Oligo
LRP2,Oligo
SLCO3A1,Oligo
ZNF708,Oligo
POGK,Oligo
S1PR5,Oligo
SPOCK3,Oligo
HNRNPA2B1,Oligo
FNBP13,Oligo
PKP4,Oligo
ANO4,Oligo
AATK1,Oligo
KIF13B,Oligo
FAM124A,Oligo
UNC5C,Oligo
C9ORF85,Oligo
LMCD1-AS1,Oligo
MTUS1,Oligo
KNOP1,Oligo
RP11-26M5.3,Oligo
SH3D19,Oligo
GOLGA4,Oligo
FUT8,Oligo
PCDH9,Oligo
TMEM63A,Oligo
GLUL3,Oligo
LANCL1,Oligo
ALCAM,Oligo
ANKRD36C,Oligo
LINC00463,Oligo
PLLP,Oligo
SH3GL3,Oligo
ERBB2IP1,Oligo
ITGA2,Oligo
FNBP12,Oligo
MYO61,Oligo
OLIG1,Oligo
SRCIN1,Oligo
SCD5,Oligo
ZEB21,Oligo
CBR1,Oligo
RNF144A,Oligo
TMEFF2,Oligo
GLUL2,Oligo
AKAP9,Oligo
ZNF536,Oligo
NEAT17,Oligo
EDIL31,Oligo
MATN2,Oligo
MTURN,Oligo
JAM3,Oligo
NDRG22,Oligo
ATP8A1,Oligo
PRRG1,Oligo
SOX2-OT1,Oligo
PIK3C2B,Oligo
KLHL4,Oligo
DLG1,Oligo
FIS1,Oligo
TMEM98,Oligo
SLC22A15,Oligo
KIDINS2201,Oligo
PPP2R3A,Oligo
1-Mar,Oligo
PRUNE21,Oligo
RP11-1055B8.3,Oligo
GOLGA7,Oligo
FBXL7,Oligo
CALD1,Oligo
ZNF24,Oligo
RP11-298D21.1,Oligo
PDE1C1,Oligo
HBS1L,Oligo
RBP7,Oligo
GRM3,Oligo
ANKRD122,Oligo
TALDO1,Oligo
LGI3,Oligo
DLC1,Oligo
AMER21,Oligo
TSEN15,Oligo
RP11-862L9.2,Oligo
TUBA1A1,Oligo
TMEM125,Oligo
NKTR,Oligo
IGSF8,Oligo
AGAP1,Oligo
ZDHHC20,Oligo
ANAPC51,Oligo
HSD17B4,Oligo
APBB2,Oligo
OSBPL1A,Oligo
RP11-397C12.1,Oligo
RP11-946L20.2,Oligo
DIP2B,Oligo
GATAD11,Oligo
SFRP4,Oligo
HAGLR,Oligo
TRIM21,Oligo
IKZF5,Oligo
AOX3P,Oligo
DICER1,Oligo
GALNT5,Oligo
TMTC4,Oligo
TJP1,Oligo
KCNQ1OT16,Oligo
CDR2L,Oligo
SEC14L5,Oligo
FNBP1,Oligo
LAMP21,Oligo
YWHAQ,Oligo
OLIG2,Oligo
PTBP2,Oligo
DNAJB2,Oligo
LINC01299,Oligo
ANKIB1,Oligo
PTK21,Oligo
ZNF146,Oligo
CLK1,Oligo
SIRT2,Oligo
RP1-223B1.1,Oligo
DSCAML1,Oligo
PTPRD2,Oligo
ENOPH1,Oligo
8-Sep,Oligo
AHR,Oligo
RAB40B,Oligo
DST,Oligo
QDPR1,Oligo
MOB3B,Oligo
DUSP10,Oligo
DNM3,Oligo
SORT11,Oligo
KIF13A,Oligo
KCNK10,Oligo
PTPRK,Oligo
COL16A1,Oligo
STK39,Oligo
DMRT2,Oligo
NEAT1,Oligo
MAP4K5,Oligo
BOK,Oligo
CDH20,Oligo
RBPJ,Oligo
RP13-93L13.2,Oligo
PTMA5,Oligo
GPSM2,Oligo
AK5,Oligo
NTM5,Oligo
GCA,Oligo
BMP8B,Oligo
GPM6B,Oligo
MVB12B,Oligo
TPPP,Oligo
SGK1,Oligo
ALCAM1,Oligo
SEMA6A,Oligo
PVRL1,Oligo
RDX1,Oligo
SRP72P2,Oligo
DFNB31,Oligo
ARAP21,Oligo
RP11-481J8.3,Oligo
LARP6,Oligo
CCDC88A,Oligo
GPRC5B2,Oligo
TCP11L2,Oligo
PRR18,Oligo
DNAJC6,Oligo
GNAI1,Oligo
FANCB,Oligo
BAZ2B,Oligo
FAM134B,Oligo
RP11-35N6.1,Oligo
COBL,Oligo
SNX6,Oligo
C9ORF3,Oligo
RNF130,Oligo
ALAD,Oligo
CAPN3,Oligo
MYO6,Oligo
ZNF607,Oligo
NIPAL3,Oligo
ZBTB20,Oligo
PAPL,Oligo
ATG4C,Oligo
PLXDC2,Oligo
LIMCH1,Oligo
GPR62,Oligo
FHIT,Oligo
SEMA6A-AS1,Oligo
RP1-301L19.1,Oligo
NUDT16,Oligo
TMCC2,Oligo
ANK3,Oligo
GSKIP,Oligo
NFASC,Oligo
ARHGAP21,Oligo
CLEC12B,Oligo
CD9,Oligo
NCAM2,Oligo
FAM126A,Oligo
FAM84B,Oligo
NKAIN2,Oligo
LINC01411,Oligo
TMC7,Oligo
PDE1A,Oligo
ZNF281,Oligo
RP11-81H3.2,Oligo
HSP90AA1,Oligo
RMND5A,Oligo
ABHD17B,Oligo
NPAS3,Oligo
LACC1,Oligo
THBS2,Oligo
DLG2,Oligo
C1GALT1,Oligo
FEZ1,Oligo
RERE,Oligo
LRRC63,Oligo
CDC42BPA,Oligo
DHCR24,Oligo
HSD11B1,Oligo
APP,Oligo
RP11-352M15.2,Oligo
TBC1D5,Oligo
ANKRD65,Oligo
CFL2,Oligo
UBE2E2,Oligo
RP11-259K15.2,Oligo
CA10,Oligo
FAF1,Oligo
RP11-468H14.2,Oligo
LRRC8D,Oligo
HECW2,Oligo
RP11-50D16.4,Oligo
AUTS2,Oligo
KIF2A,Oligo
NEK7,Oligo
WDPCP,Oligo
KIAA1598,Oligo
PRRC2C,Oligo
ASUN,Oligo
PDE6B,Oligo
KIF1B,Oligo
STEAP1B,Oligo
RBM25,Oligo
TYMSOS,Oligo
DDX17,Oligo
LHPP,Oligo
RP11-143A12.3,Oligo
ANKRD12,Oligo
GALNT6,Oligo
ZNF585B,Oligo
KLRC2,Oligo
SRPK2,Oligo
AGA,Oligo
PLA2G16,Oligo
DPYSL2,Oligo
SWT1,Oligo
KMT2E,Oligo
FAM229B,Oligo
KCNMB4,Oligo
NAALADL2,Oligo
AMD1,Oligo
RP5-1039K5.19,Oligo
CACNA2D1,Oligo
RP11-411K7.1,Oligo
SCHIP1,Oligo
PPP1R9A,Oligo
PCA3,Oligo
TSPAN5,Oligo
SERINC5,Oligo
NLK,Oligo
NXPE3,Oligo
PHIP,Oligo
ANKRD18A,Oligo
FAM221A,Oligo
DTNB,Oligo
BRCA1,Oligo
XYLT1,Oligo
BOD1L1,Oligo
CFAP20,Oligo
CMTM5,Oligo
KIRREL3,Oligo
FAM122B,Oligo
SMOC1,Oligo
PPP1R8,Oligo
IP6K3,Oligo
DYNC1LI2,Oligo
SLC12A2,Oligo
PWWP2A,Oligo
KIAA1244,Oligo
HIST1H2AC,Oligo
COL9A3,Oligo
C10ORF107,Oligo
FGF1,Oligo
SNX30,Oligo
RP11-267C16.1,Oligo
GRHPR,Oligo
CPOX,Oligo
SLC35A5,Oligo
WNK1,Oligo
YEATS2-AS1,Oligo
NIPAL4,Oligo
CUTC,Oligo
LINC01549,Oligo
ADIPOR2,Oligo
LPGAT1,Oligo
ZSWIM5P2,Oligo
RASAL1,Oligo
LGR5,Oligo
TTYH2,Oligo
LURAP1L-AS1,Oligo
CA2,Oligo
CPB2-AS1,Oligo
OTUD6B,Oligo
ZCCHC24,Oligo
TJP2,Oligo
ENPP6,Oligo
C12ORF76,Oligo
TYMS,Oligo
VEZF1,Oligo
RP11-1023L17.1,Oligo
NUCKS1,Oligo
NACAD,Oligo
SEMA4D,Oligo
LINC01099,Oligo
PHACTR3,Oligo
AC026271.5,Oligo
KIZ,Oligo
STMN4,Oligo
SNX1,Oligo
MYOT,Oligo
TPPP3,Oligo
AZGP1,Oligo
PEPD,Oligo
PRCD,Oligo
AIF1L,Oligo
TP53INP2,Oligo
FAM192A,Oligo
ADCY5,Oligo
RP11-1018N14.2,Oligo
ZNF559,Oligo
CEP97,Oligo
MIR181A1HG,Oligo
CTC-203F4.2,Oligo
CHCHD4,Oligo
B3GNT7,Oligo
PPP2R2A,Oligo
LINC00870,Oligo
CTD-2380F24.1,Oligo
ADSS,Oligo
KLHL2,Oligo
WIPF1,Oligo
KIAA1324L,Oligo
AC011243.1,Oligo
RP11-161M6.2,Oligo
ACTL6A,Oligo
AC005220.3,Oligo
MIF4GD,Oligo
HAS2,Oligo
CD2BP2,Oligo
HMSD,Oligo
MMACHC,Oligo
PDGFRA,Oligo
BEST1,Oligo
PLEKHH2,Oligo
TMEM189,Oligo
FOLH1B,Oligo
ZNF728,Oligo
COL9A2,Oligo
RP11-546B15.1,Oligo
DNAJC22,Oligo
C11ORF71,Oligo
RP4-668E10.4,Oligo
PEX16,Oligo
PRR5L,Oligo
CHD1L,Oligo
RP11-407G23.7,Oligo
ST3GAL5,Oligo
TMEM258,Oligo
RN7SL419P,Oligo
FAM13C,Oligo
SAMD4B,Oligo
BBX,Oligo
RP11-231C18.1,Oligo
LTN1,Oligo
RP11-285F7.2,Oligo
C12ORF66,Oligo
ZNHIT6,Oligo
PCBP4,Oligo
SH3PXD2A,Oligo
OR2L13,Oligo
RP11-288C18.1,Oligo
BNIP3L,Oligo
RP1-73A14.1,Oligo
ITGB8,Oligo
ACVR1C,Oligo
IFT80,Oligo
GREB1L,Oligo
ACER3,Oligo
NMUR2,Oligo
CSE1L,Oligo
EXOC6B,Oligo
RAP1GDS1,Oligo
BTBD3,Oligo
LRP6,Oligo
RP11-139H14.5,Oligo
RP11-381K20.2,Oligo
ANKRD40,Oligo
LACTB2,Oligo
AC004158.3,Oligo
BVES,Oligo
LINC00706,Oligo
RP11-760H22.2,Oligo
MBNL2,Oligo
ECHDC1,Oligo
C11ORF39,Oligo
PHLDA3,Oligo
CCNE2,Oligo
ZNF415,Oligo
RP11-388P9.2,Oligo
NSDHL,Oligo
ZZZ3,Oligo
ZNF826P,Oligo
TRIM62,Oligo
RP11-277P12.20,Oligo
RP11-809C18.3,Oligo
RP11-320M16.2,Oligo
RP11-1023P17.2,Oligo
CKAP2L,Oligo
RP13-93L13.1,Oligo
FBXL5,Oligo
BTBD16,Oligo
DNM3-IT1,Oligo
RP11-26M5.2,Oligo
CAPN13,Oligo
RPLP1P6,Oligo
SLC45A3,Oligo
PALB2,Oligo
PTP4A2,Oligo
CPNE2,Oligo
UTP15,Oligo
ZC3H13,Oligo
PMP22,Oligo
ENOX2,Oligo
ENDOD1,Oligo
SCARB2,Oligo
PPP6C,Oligo
RP11-523J2.1,Oligo
RP11-61I13.3,Oligo
SGMS2,Oligo
PTPLB,Oligo
AGTPBP1,Oligo
CCDC160,Oligo
NIFK-AS1,Oligo
HS3ST5,Oligo
AGMO,Oligo
CASP8AP2,Oligo
BEST3,Oligo
TRMT13,Oligo
COLGALT2,Oligo
ZNF576,Oligo
AC004603.4,Oligo
LAYN,Oligo
RP11-953B20.1,Oligo
SNX27,Oligo
CTD-2049O4.1,Oligo
SPG20,Oligo
COX5BP6,Oligo
RNASEH2A,Oligo
RFFL,Oligo
JMJD7-PLA2G4B,Oligo
RP11-354P17.15,Oligo
SFT2D1,Oligo
RAB6C-AS1,Oligo
MEX3C,Oligo
LINC01170,Oligo
USP32,Oligo
LINC00237,Oligo
AL109761.5,Oligo
AC007106.1,Oligo
PGM3,Oligo
LINC00601,Oligo
NDE1,Oligo
C1ORF140,Oligo
DPF2,Oligo
TJAP1,Oligo
MCM7,Oligo
MUSK,Oligo
GALR1,Oligo
EMC3-AS1,Oligo
ABHD6,Oligo
MURC,Oligo
CTA-228A9.3,Oligo
HPN,Oligo
VRK2,Oligo
CHN2,Oligo
RP11-115D19.2,Oligo
CDC42EP1,Oligo
CHADL,Oligo
AFMID,Oligo
ENOX1-AS2,Oligo
RP11-243A14.1,Oligo
ZNF506,Oligo
CTD-2058B24.2,Oligo
INPP1,Oligo
SPG20-AS1,Oligo
ZIM2-AS1,Oligo
ERMP1,Oligo
RP11-298E2.2,Oligo
SPDL1,Oligo
TMCC3,Oligo
NHLH2,Oligo
NEK3,Oligo
SPSB1,Oligo
RP11-390E23.6,Oligo
RP1-265C24.5,Oligo
SNRPF,Oligo
FRK,Oligo
CNTF,Oligo
NR0B1,Oligo
ZNF175,Oligo
TMEM139,Oligo
LIN54,Oligo
PLEKHB1,Oligo
RP11-9G1.3,Oligo
NFYB,Oligo
CDC42EP2,Oligo
FCHO1,Oligo
RP11-303E16.3,Oligo
TSPAN15,Oligo
RP11-603B24.1,Oligo
FOXO4,Oligo
ZFP3,Oligo
ZSCAN12P1,Oligo
RASSF2,Oligo
NENF,Oligo
LDLRAP1,Oligo
TMEM151A,Oligo
AL138751.1,Oligo
CIR1P2,Oligo
RP11-96D24.1,Oligo
GZF1,Oligo
RP11-344A5.1,Oligo
PACRG-AS1,Oligo
CLCN3,Oligo
C7ORF25,Oligo
YPEL2,Oligo
MIPEP,Oligo
NKAIN1,Oligo
ITGAE,Oligo
CUEDC1,Oligo
URI1,Oligo
PDIK1L,Oligo
KIF1C,Oligo
CCDC25,Oligo
MTMR2,Oligo
PCNA,Oligo
TCFL5,Oligo
ANP32C,Oligo
C1ORF122,Oligo
OTUD7B,Oligo
CCDC121,Oligo
FAM69A,Oligo
RP11-498C9.15,Oligo
RP11-407G23.4,Oligo
DNAJC21,Oligo
POPDC3,Oligo
SENP2,Oligo
PEX5L-AS2,Oligo
RP11-299G20.5,Oligo
RP11-66B24.7,Oligo
AC079117.1,Oligo
AFG3L1P,Oligo
CACNG4,Oligo
PDHB,Oligo
CTD-2058B24.3,Oligo
RP11-340F14.6,Oligo
GNAZ,Oligo
FAM218A,Oligo
RP11-159M11.2,Oligo
LINC01546,Oligo
CTD-2213F21.2,Oligo
GDNF-AS1,Oligo
PPA1,Oligo
HHIP-AS1,Oligo
NDUFS7,Oligo
TMEM87A,Oligo
WRB,Oligo
EPN2,Oligo
SUGT1,Oligo
RP11-98J23.2,Oligo
AC000068.5,Oligo
GDNF,Oligo
TAOK1,Oligo
SNHG18,Oligo
RP11-946P6.4,Oligo
RP11-716H6.2,Oligo
AGPAT4,Oligo
MKRN3-AS1,Oligo
DYNC1I2P1,Oligo
WDR89,Oligo
NKX6-2,Oligo
LCORL,Oligo
PPP1R21,Oligo
ZBTB6,Oligo
DUSP7,Oligo
RP11-384C4.3,Oligo
PPM1D,Oligo
MAPK8IP1,Oligo
TACR3,Oligo
LHFPL3-AS1,Oligo
KCTD9P4,Oligo
RP11-91I20.3,Oligo
TPRN,Oligo
EVI2A,Oligo
AP000255.6,Oligo
RP11-124A7.1,Oligo
TRAM1L1,Oligo
CLCN4,Oligo
LINC01482,Oligo
ATG3,Oligo
S100B,Oligo
PCDH15,Oligo
LDLRAD4,Oligo
HPN-AS1,Oligo
PYROXD1,Oligo
GPR17,Oligo
TBC1D15,Oligo
RP11-750B16.1,Oligo
NIP7P3,Oligo
LINC01105,Oligo
SOSTDC1,Oligo
WSCD1,Oligo
PALM2,Oligo
LINC01445,Oligo
GAS7,Oligo
NIPA1,Oligo
OMG,Oligo
PTPRD-AS1,Oligo
AMPD3,Oligo
DAAM2,Oligo
RP4-687K1.2,Oligo
FBXO7,Oligo
MIB1,Oligo
FBXO32,Oligo
PAXBP1,Oligo
RP11-149I23.3,Oligo
PIGN,Oligo
RP11-548P2.2,Oligo
MRPL52,Oligo
MXI1,Oligo
RP5-1198O20.4,Oligo
EXOC5,Oligo
RP11-556I13.1,Oligo
PAXBP1-AS1,Oligo
COL9A1,Oligo
SPG21,Oligo
CCDC150,Oligo
TSIX,Oligo
SAPCD2,Oligo
KB-7G2.9,Oligo
RP11-339B21.8,Oligo
RAD51AP1,Oligo
LANCL1-AS1,Oligo
SRD5A3,Oligo
ST3GAL6-AS1,Oligo
KRT18P26,Oligo
RP11-203J24.8,Oligo
LINC00161,Oligo
C2ORF88,Oligo
CDK17,Oligo
TIAF1,Oligo
FMO4,Oligo
TARSL2,Oligo
PCGF6,Oligo
RP11-387A1.6,Oligo
RP1-146A15.1,Oligo
CPB2,Oligo
SPPL3,Oligo
KEL,Oligo
CENPI,Oligo
FAM219A,Oligo
AKTIP,Oligo
MKRN3,Oligo
ASB13,Oligo
TAS2R39,Oligo
RPS6KC1,Oligo
ST3GAL5-AS1,Oligo
KRT8P1,Oligo
AC093590.1,Oligo
RP11-390B4.3,Oligo
SFTPC,Oligo
SERAC1,Oligo
RALA,Oligo
CTD-2576D5.3,Oligo
CCDC13-AS1,Oligo
HAUS2,Oligo
RP11-151G12.2,Oligo
CHST6,Oligo
CTC-459F4.1,Oligo
ANKS6,Oligo
KBTBD2,Oligo
MTRR,Oligo
RASGRP3,Oligo
RP11-66B24.1,Oligo
RP11-374A22.1,Oligo
TPTEP1,Oligo
KLHL31,Oligo
SHB,Oligo
RAB28,Oligo
SET,Oligo
APIP,Oligo
HSD17B3,Oligo
CRADD,Oligo
ARHGEF37,Oligo
RICTOR,Oligo
RTN4,Oligo
ZNF682,Oligo
PNPT1,Oligo
CSRP2BP,Oligo
DNTT,Oligo
CDC42SE2,Oligo
PTMA,Oligo
TMED4,Oligo
RP11-346D14.1,Oligo
DHFRL1,Oligo
RP13-36G14.4,Oligo
ZNF841,Oligo
FANCL,Oligo
ELP5,Oligo
TGFB3,Oligo
FLNC,Oligo
GJC2,Oligo
DIMT1,Oligo
NCAPD2,Oligo
CENPB,Oligo
CTC-366B18.4,Oligo
WDR44,Oligo
NBR1,Oligo
AP002954.3,Oligo
C11ORF54,Oligo
TNR,Oligo
SBDS,Oligo
XXBAC-BPG55C20.7,Oligo
APBA3,Oligo
FAR1,Oligo
IKZF2,Oligo
DIXDC1,Oligo
ZNF268,Oligo
AGPAT4-IT1,Oligo
FKBP7,Oligo
EFS,Oligo
AC109496.1,Oligo
NAP1L6,Oligo
EBAG9,Oligo
MND1,Oligo
ZNF652,Oligo
ANP32BP1,Oligo
THAP5,Oligo
APBB1,Oligo
ATE1,Oligo
AC084149.2,Oligo
SGPL1,Oligo
GABRQ,Oligo
KAT2B,Oligo
LINC00909,Oligo
TEKT3,Oligo
COL8A1,Oligo
FAM222A-AS1,Oligo
RP11-218F4.1,Oligo
RN7SKP56,Oligo
RP5-1044H5.1,Oligo
MAP7D1,Oligo
MTFR1,Oligo
SLC3A1,Oligo
SMIM6,Oligo
USH1C,Oligo
ANGPTL2,Oligo
SMIM5,Oligo
RAB11B-AS1,Oligo
CPB1,Oligo
COMMD3,Oligo
RNF141,Oligo
DTD2,Oligo
TAS2R40,Oligo
TBC1D32,Oligo
PAQR6,Oligo
ZSCAN29,Oligo
POU2AF1,Oligo
RN7SL413P,Oligo
KLRC3,Oligo
PHYHIPL,Oligo
TTC23L,Oligo
NFYA,Oligo
LINC01232,Oligo
CCNJP2,Oligo
RP11-10L12.4,Oligo
TP53TG5,Oligo
RP11-131P10.2,Oligo
CLASP2,Oligo
INSL3,Oligo
RP4-630C24.3,Oligo
ZNF572,Oligo
ARMC1,Oligo
C2ORF27A,Oligo
SYS1-DBNDD2,Oligo
VAMP3,Oligo
DYSF,Oligo
RP11-863H1.1,Oligo
AC091814.2,Oligo
MSH4,Oligo
C1ORF106,Oligo
STK31,Oligo
ST13,Oligo
POLR1B,Oligo
THBS4,Oligo
LPAL2,Oligo
CACNG5,Oligo
MEGF11,Oligo
PTPRD,Oligo
DLL1,Oligo
C11ORF98P1,Oligo
NDUFS5P1,Oligo
TMEM230,Oligo
FAM131B,Oligo
ANAPC5,Oligo
NPC1,Oligo
KCTD4,Oligo
CTC-369A16.2,Oligo
HEBP1,Oligo
LINC00883,Oligo
IFNA11P,Oligo
PPM1B,Oligo
FXR1,Oligo
PTPN11,Oligo
TXNL1,Oligo
RP11-662G23.1,Oligo
SAP18,Oligo
CTD-2517O10.6,Oligo
CLIP2,Oligo
SPATA7,Oligo
POLR2M,Oligo
PRKCQ,Oligo
RP11-296E7.1,Oligo
ANKS1B,Oligo
SOX3,Oligo
RP11-343J18.1,Oligo
RP11-380M21.2,Oligo
VSTM2B,Oligo
ZDHHC11,Oligo
COX6CP13,Oligo
ZGRF1,Oligo
RP11-262H14.3,Oligo
HTATIP2,Oligo
KLRC4-KLRK1,Oligo
PEX5L-AS1,Oligo
RP11-283I3.2,Oligo
GDE1,Oligo
SLC35D2,Oligo
DUSP16,Oligo
RP11-272L13.4,Oligo
ZNF565,Oligo
ZNF664,Oligo
RP11-267C16.2,Oligo
RP11-338N10.1,Oligo
ZNF577,Oligo
SCDP1,Oligo
TWF1P1,Oligo
WDR20,Oligo
HDAC11,Oligo
MTND5P11,Oligo
AKNAD1,Oligo
UBE4B,Oligo
RP1-232L24.3,Oligo
RP11-257I14.1,Oligo
AK7,Oligo
STK32A,Oligo
NKX2-2,Oligo
ENOSF1,Oligo
RP11-14N4.1,Oligo
SPECC1,Oligo
RP11-283C24.1,Oligo
KCNJ2-AS1,Oligo
CPPED1,Oligo
ARHGAP11A,Oligo
GAB2,Oligo
RP11-196E1.3,Oligo
RP11-406O23.2,Oligo
FAM177A1,Oligo
ANKRD28,Oligo
MTF1,Oligo
RP11-446H18.5,Oligo
MGA,Oligo
PRR26,Oligo
KATNAL1,Oligo
YBEY,Oligo
ZNF271P,Oligo
NAPEPLD,Oligo
FCRLA,Oligo
C9ORF170,Oligo
MEX3A,Oligo
RAB3IP,Oligo
FAM73A,Oligo
GDF6,Oligo
CTD-2170G1.2,Oligo
ZNF738,Oligo
RP11-10B2.1,Oligo
PCDH15,OPC
PTPRZ12,OPC
TNR,OPC
PTPRZ1,OPC
BCAN1,OPC
AC004852.2,OPC
RP4-668E10.4,OPC
SMOC1,OPC
DSCAM,OPC
VCAN,OPC
PDGFRA,OPC
SEMA5A,OPC
COL9A1,OPC
LRRC4C,OPC
LUZP2,OPC
EPN2,OPC
XYLT1,OPC
APOD1,OPC
SCD51,OPC
CHST11,OPC
MARCKS,OPC
SOX6,OPC
ABHD2,OPC
NOVA1,OPC
NRCAM5,OPC
AL353784.1,OPC
BCAN,OPC
OLIG2,OPC
MEGF11,OPC
SNX22,OPC
OLIG1,OPC
COL11A1,OPC
LHFPL3-AS1,OPC
KIF13A,OPC
KCNMB2-AS1,OPC
MMP16,OPC
TNK2,OPC
AGAP1,OPC
SLC35F1,OPC
CHL1,OPC
NOVA1-AS1,OPC
OPCML,OPC
CA10,OPC
SDC3,OPC
PLPPR1,OPC
TAOK31,OPC
SCD5,OPC
CSPG5,OPC
STK32A,OPC
LINC00511,OPC
HTRA1,OPC
GPR17,OPC
CCDC50,OPC
NLGN1,OPC
NAV1,OPC
CD81,OPC
DPP6,OPC
CMYA5,OPC
SEZ6L,OPC
SERPINE2,OPC
FERMT1,OPC
OPHN1,OPC
GPR56,OPC
LRP1B,OPC
DNER1,OPC
SOX2-OT,OPC
SETD5,OPC
AL445250.1,OPC
LRP1,OPC
ZEB1,OPC
RP11-161M6.21,OPC
ASIC4,OPC
MAML2,OPC
SLC22A171,OPC
,OPC
NTM,OPC
PTN1,OPC
KAZN,OPC
NCAM12,OPC
NTM6,OPC
CST32,OPC
PSAP,OPC
TAOK3,OPC
C1orf612,OPC
NKAIN3,OPC
COL16A11,OPC
CASK,OPC
BCAS12,OPC
NXPH1,OPC
TMBIM6,OPC
PDZD2,OPC
CPE2,OPC
TMEM132C,OPC
MT32,OPC
HIP1,OPC
ALCAM2,OPC
NAV2,OPC
ATP1A22,OPC
BRINP3,OPC
NRCAM,OPC
GRID2,OPC
PID1,OPC
CSMD3,OPC
SPATA6,OPC
REV3L,OPC
DCC,OPC
ADARB2,OPC
MDGA2,OPC
BCAS1,OPC
KAT2B,OPC
LSAMP,OPC
C1orf61,OPC
FHIT,OPC
ADGRL3,OPC
QKI,OPC
PEAK1,OPC
C10orf11,OPC
PRKCA,OPC
GRIK1,OPC
DGKG,OPC
SCN1A,OPC
ZBTB20,OPC
PDZRN4,OPC
PPP1R9A,OPC
PDE4B,OPC
NPAS3,OPC
ASTN2,OPC
ZNF462,OPC
NLGN4X,OPC
ADAMTS17,OPC
SH3D19,OPC
KCND2,OPC
NCKAP5,OPC
NCAM1,OPC
LRRTM4,OPC
APBB2,OPC
ZSWIM6,OPC
CSMD1,OPC
SNTG1,OPC
NRXN1,OPC
MTSS1,OPC
ASAP1,OPC
SOX5,OPC
RP11-436D23.1,OPC
ALCAM,OPC
FCHSD2,OPC
KIF26B,OPC
CTTNBP2,OPC
FGF12,OPC
RP11-384F7.2,OPC
NCAM2,OPC
SGCD,OPC
KCNQ1OT1,OPC
KLF12,OPC
CDH20,OPC
CSMD2,OPC
RPL13,OPC
XKR4,OPC
LINC01322,OPC
GALNT13,OPC
SHISA9,OPC
CHD7,OPC
1-Mar,OPC
WWOX,OPC
DSCAML1,OPC
ITPR2,OPC
GRM7,OPC
PHLPP1,OPC
GPC6,OPC
COBL,OPC
SORCS3,OPC
NFIA,OPC
SLC24A3,OPC
TCF12,OPC
DOCK10,OPC
SGK1,OPC
NAALADL2,OPC
ATRNL1,OPC